global_epoch	block	block_epoch	phase	energy_weight	lr	train_loss	val_loss
1	1	1	0	0.1	0.002	842.152	316.563
2	1	2	0	0.1	0.004	163.795	95.793
3	1	3	0	0.1	0.006	61.7294	40.3407
4	1	4	0	0.1	0.008	32.3703	24.6603
5	1	5	0	0.1	0.01	19.2501	15.4323
6	1	6	0	0.1	0.01	11.846	10.0321
7	1	7	0	0.1	0.01	8.9717	8.5762
8	1	8	0	0.1	0.01	7.8312	8.3796
9	1	9	0	0.1	0.01	7.5397	6.3552
10	1	10	0	0.1	0.01	8.404	6.1807
11	1	11	0	0.1	0.01	9.3965	6.0903
12	1	12	0	0.1	0.01	6.5116	6.262
13	1	13	0	0.1	0.01	5.6063	5.7405
14	1	14	0	0.1	0.01	5.9835	6.0014
15	1	15	0	0.1	0.01	7.5899	4.9649
16	1	16	0	0.1	0.01	6.2012	5.1275
17	1	17	0	0.1	0.01	5.2409	4.9159
18	1	18	0	0.1	0.01	4.7655	5.1582
19	1	19	0	0.1	0.01	4.5888	4.2098
20	1	20	0	0.1	0.01	4.7526	7.8489
21	1	21	0	0.1	0.005	4.5834	4.6058
22	1	22	0	0.1	0.005	3.9255	4.0484
23	1	23	0	0.1	0.005	4.4246	7.4571
24	1	24	0	0.1	0.005	4.8746	3.8159
25	1	25	0	0.1	0.005	3.6948	3.7361
26	1	26	0	0.1	0.005	3.6329	3.7686
27	1	27	0	0.1	0.005	3.8125	4.4106
28	1	28	0	0.1	0.005	3.5791	3.4965
29	1	29	0	0.1	0.005	3.4495	3.5315
30	1	30	0	0.1	0.005	3.9282	3.6977
31	1	31	0	0.1	0.005	3.6442	4.6857
32	1	32	0	0.1	0.005	3.6685	3.7907
33	1	33	0	0.1	0.005	3.5539	3.9018
34	1	34	0	0.1	0.005	3.4204	3.2939
35	1	35	0	0.1	0.005	3.2444	3.4338
36	1	36	0	0.1	0.005	3.1879	3.4736
37	1	37	0	0.1	0.005	3.7288	3.3261
38	1	38	0	0.1	0.005	3.0577	3.1419
39	1	39	0	0.1	0.005	3.2048	3.3891
40	1	40	0	0.1	0.005	3.3388	3.1546
41	2	1	0	0.1	0.002	407.883	14.7401
42	2	2	0	0.1	0.004	18.2963	6.8655
43	2	3	0	0.1	0.006	8.3245	4.861
44	2	4	0	0.1	0.008	7.7607	10.4453
45	2	5	0	0.1	0.01	9.3795	4.8003
46	2	6	0	0.1	0.01	8.5162	4.3739
47	2	7	0	0.1	0.01	6.6316	4.8535
48	2	8	0	0.1	0.01	4.577	10.9804
49	2	9	0	0.1	0.01	7.4399	16.8829
50	2	10	0	0.1	0.01	10.5647	4.3351
51	2	11	0	0.1	0.01	5.3391	2.7944
52	2	12	0	0.1	0.01	4.9525	5.2414
53	2	13	0	0.1	0.01	3.686	2.1696
54	2	14	0	0.1	0.01	2.5322	2.4756
55	2	15	0	0.1	0.01	3.1023	2.2419
56	2	16	0	0.1	0.01	2.2449	1.8513
57	2	17	0	0.1	0.01	2.6634	3.065
58	2	18	0	0.1	0.01	1.8399	1.8765
59	2	19	0	0.1	0.01	1.8769	2.547
60	2	20	0	0.1	0.01	2.1235	1.8745
61	2	21	0	0.1	0.005	1.6107	1.2987
62	2	22	0	0.1	0.005	1.7137	1.2793
63	2	23	0	0.1	0.005	1.3545	1.4163
64	2	24	0	0.1	0.005	1.3337	1.5006
65	2	25	0	0.1	0.005	1.8181	1.6145
66	2	26	0	0.1	0.005	1.5518	1.6611
67	2	27	0	0.1	0.005	1.2802	1.1506
68	2	28	0	0.1	0.005	1.2796	1.4394
69	2	29	0	0.1	0.005	1.3461	1.7186
70	2	30	0	0.1	0.005	1.5149	1.0339
71	2	31	0	0.1	0.005	1.2877	1.1125
72	2	32	0	0.1	0.005	1.3996	1.4901
73	2	33	0	0.1	0.005	1.2345	1.0559
74	2	34	0	0.1	0.005	1.2146	1.3029
75	2	35	0	0.1	0.005	1.4859	1.1278
76	2	36	0	0.1	0.005	1.352	1.7342
77	2	37	0	0.1	0.005	1.2022	1.0855
78	2	38	0	0.1	0.005	1.1546	1.2172
79	2	39	0	0.1	0.005	1.3746	1.7213
80	2	40	0	0.1	0.005	1.2334	1.3698
81	3	1	0	0.1	0.002	4.3536	1.539
82	3	2	0	0.1	0.004	1.514	1.6795
83	3	3	0	0.1	0.006	1.4357	1.3116
84	3	4	0	0.1	0.008	1.4513	1.2392
85	3	5	0	0.1	0.01	1.9038	3.8307
86	3	6	0	0.1	0.01	3.9435	2.7095
87	3	7	0	0.1	0.01	3.3823	1.6395
88	3	8	0	0.1	0.01	2.1887	1.5564
89	3	9	0	0.1	0.01	1.3163	1.5981
90	3	10	0	0.1	0.01	1.4113	1.0358
91	3	11	0	0.1	0.01	1.3354	1.2355
92	3	12	0	0.1	0.01	1.186	1.2895
93	3	13	0	0.1	0.01	1.2684	1.1443
94	3	14	0	0.1	0.01	1.2231	1.4161
95	3	15	0	0.1	0.01	1.6729	1.7664
96	3	16	0	0.1	0.01	1.6472	3.1912
97	3	17	0	0.1	0.01	2.0755	1.3084
98	3	18	0	0.1	0.01	1.7725	2.8828
99	3	19	0	0.1	0.01	2.2149	1.4305
100	3	20	0	0.1	0.01	1.6454	2.6829
101	3	21	0	0.1	0.005	1.2855	1.0145
102	3	22	0	0.1	0.005	1.0214	0.9745
103	3	23	0	0.1	0.005	1.0026	1.0549
104	3	24	0	0.1	0.005	0.9866	1.1023
105	3	25	0	0.1	0.005	0.9934	1.0211
106	3	26	0	0.1	0.005	1.1074	1.4545
107	3	27	0	0.1	0.005	1.175	1.1068
108	3	28	0	0.1	0.005	1.1015	1.0295
109	3	29	0	0.1	0.005	0.9414	1.3738
110	3	30	0	0.1	0.005	1.3105	1.01
111	3	31	0	0.1	0.005	1.0182	1.0497
112	3	32	0	0.1	0.005	1.0951	1.137
113	3	33	0	0.1	0.005	1.0105	0.9452
114	3	34	0	0.1	0.005	0.8976	1.073
115	3	35	0	0.1	0.005	1.0547	1.1081
116	3	36	0	0.1	0.005	0.9186	0.9736
117	3	37	0	0.1	0.005	0.9398	1.0242
118	3	38	0	0.1	0.005	0.9116	1.1694
119	3	39	0	0.1	0.005	0.9321	0.9471
120	3	40	0	0.1	0.005	1.182	1.0049
121	4	1	0	0.1	0.002	2.7551	1.0457
122	4	2	0	0.1	0.004	1.1032	1.3114
123	4	3	0	0.1	0.006	1.256	1.6544
124	4	4	0	0.1	0.008	1.2079	1.2245
125	4	5	0	0.1	0.01	1.571	2.1597
126	4	6	0	0.1	0.01	1.4794	0.8856
127	4	7	0	0.1	0.01	2.1315	1.7531
128	4	8	0	0.1	0.01	1.5314	2.1552
129	4	9	0	0.1	0.01	1.3413	1.5572
130	4	10	0	0.1	0.01	1.0847	0.9522
131	4	11	0	0.1	0.01	1.1224	1.4503
132	4	12	0	0.1	0.01	1.2336	1.4816
133	4	13	0	0.1	0.01	1.1461	1.0391
134	4	14	0	0.1	0.01	1.3572	1.344
135	4	15	0	0.1	0.01	1.2611	1.4045
136	4	16	0	0.1	0.01	1.7818	3.5663
137	4	17	0	0.1	0.01	2.8165	4.681
138	4	18	0	0.1	0.01	2.9566	1.4983
139	4	19	0	0.1	0.01	2.5271	1.4775
140	4	20	0	0.1	0.01	1.8903	2.2134
141	4	21	0	0.1	0.005	1.5635	1.2759
142	4	22	0	0.1	0.005	1.3576	1.6093
143	4	23	0	0.1	0.005	1.3267	1.4254
144	4	24	0	0.1	0.005	1.2498	1.3399
145	4	25	0	0.1	0.005	0.9317	0.9154
146	4	26	0	0.1	0.005	0.9133	0.989
147	4	27	0	0.1	0.005	0.9396	1.1276
148	4	28	0	0.1	0.005	0.8703	1.0363
149	4	29	0	0.1	0.005	0.914	0.8313
150	4	30	0	0.1	0.005	0.8761	0.9821
151	4	31	0	0.1	0.005	0.9269	0.9343
152	4	32	0	0.1	0.005	0.8459	1.0183
153	4	33	0	0.1	0.005	0.9222	0.8918
154	4	34	0	0.1	0.005	0.8163	0.9731
155	4	35	0	0.1	0.005	0.9515	1.0907
156	4	36	0	0.1	0.005	0.9956	0.9753
157	4	37	0	0.1	0.005	0.88	1.1058
158	4	38	0	0.1	0.005	0.8513	0.8946
159	4	39	0	0.1	0.005	0.9297	0.8188
160	4	40	0	0.1	0.005	0.8352	0.881
161	5	1	0	0.1	0.002	1.6478	0.8215
162	5	2	0	0.1	0.004	0.8967	0.866
163	5	3	0	0.1	0.006	0.9002	0.9381
164	5	4	0	0.1	0.008	1.1701	1.0786
165	5	5	0	0.1	0.01	1.0826	0.9547
166	5	6	0	0.1	0.01	0.9791	1.1371
167	5	7	0	0.1	0.01	1.4679	1.1
168	5	8	0	0.1	0.01	0.9788	1.3935
169	5	9	0	0.1	0.01	0.9646	1.0235
170	5	10	0	0.1	0.01	1.7336	1.7229
171	5	11	0	0.1	0.01	1.3867	1.2038
172	5	12	0	0.1	0.01	0.9447	0.9818
173	5	13	0	0.1	0.01	1.0512	1.3095
174	5	14	0	0.1	0.01	1.5268	1.5451
175	5	15	0	0.1	0.01	1.2524	1.0431
176	5	16	0	0.1	0.01	1.2865	1.0742
177	5	17	0	0.1	0.01	1.0027	1.0121
178	5	18	0	0.1	0.01	1.2845	1.7056
179	5	19	0	0.1	0.01	1.5838	1.3925
180	5	20	0	0.1	0.01	1.8083	1.4037
181	5	21	0	0.1	0.005	1.1031	0.8826
182	5	22	0	0.1	0.005	0.8644	0.8726
183	5	23	0	0.1	0.005	1.0973	1.2135
184	5	24	0	0.1	0.005	1.0191	0.9951
185	5	25	0	0.1	0.005	0.8911	0.9476
186	5	26	0	0.1	0.005	0.9763	0.9128
187	5	27	0	0.1	0.005	0.8276	1.0305
188	5	28	0	0.1	0.005	0.8178	0.891
189	5	29	0	0.1	0.005	0.807	0.8008
190	5	30	0	0.1	0.005	0.7946	0.836
191	5	31	0	0.1	0.005	0.8031	0.9391
192	5	32	0	0.1	0.005	0.8213	0.7942
193	5	33	0	0.1	0.005	0.7683	1.0215
194	5	34	0	0.1	0.005	0.8671	0.9136
195	5	35	0	0.1	0.005	0.7787	0.8728
196	5	36	0	0.1	0.005	0.7879	0.7598
197	5	37	0	0.1	0.005	0.7782	0.7616
198	5	38	0	0.1	0.005	0.7682	0.8966
199	5	39	0	0.1	0.005	0.8467	0.8563
200	5	40	0	0.1	0.005	0.8011	0.7712
201	1	1	1	1	0.0025	0.8075	1.3048
202	1	2	1	1	0.0025	0.9497	1.0588
203	1	3	1	1	0.0025	0.8008	1.2574
204	1	4	1	1	0.0025	0.9021	0.8996
205	1	5	1	1	0.0025	0.7426	0.9326
206	1	6	1	1	0.0025	0.7911	0.7615
207	1	7	1	1	0.0025	0.6898	0.7485
208	1	8	1	1	0.0025	0.7566	0.7754
209	1	9	1	1	0.0025	0.7915	0.9605
210	1	10	1	1	0.0025	0.7879	0.8212
211	1	11	1	1	0.0025	0.942	1.0043
212	1	12	1	1	0.0025	0.9583	0.7792
213	1	13	1	1	0.0025	0.6918	0.7735
214	1	14	1	1	0.0025	0.7033	0.9023
215	1	15	1	1	0.0025	1.0158	1.0313
216	1	16	1	1	0.0025	1.1514	0.7586
217	1	17	1	1	0.0025	0.8167	0.7756
218	1	18	1	1	0.0025	0.7274	0.9745
219	1	19	1	1	0.0025	0.8575	1.1398
220	1	20	1	1	0.0025	0.8478	0.7091
221	1	21	1	1	0.00125	0.6822	0.7139
222	1	22	1	1	0.00125	0.7312	0.7431
223	1	23	1	1	0.00125	0.7032	0.812
224	1	24	1	1	0.00125	0.7416	0.7536
225	1	25	1	1	0.00125	0.8751	0.88
226	1	26	1	1	0.00125	0.7025	0.8119
227	1	27	1	1	0.00125	0.7148	0.7055
228	1	28	1	1	0.00125	0.6737	0.7352
229	1	29	1	1	0.00125	0.7029	0.7444
230	1	30	1	1	0.00125	0.6803	0.7456
231	1	31	1	1	0.00125	0.6992	0.8085
232	1	32	1	1	0.00125	0.7878	0.7108
233	1	33	1	1	0.00125	0.6689	0.7039
234	1	34	1	1	0.00125	0.6845	0.8256
235	1	35	1	1	0.00125	0.6867	0.7014
236	1	36	1	1	0.00125	0.7069	0.824
237	1	37	1	1	0.00125	0.7222	0.7313
238	1	38	1	1	0.00125	0.6732	0.7255
239	1	39	1	1	0.00125	0.7373	0.8026
240	1	40	1	1	0.00125	0.6848	0.755
241	1	41	1	1	0.000625	0.6479	0.7012
242	1	42	1	1	0.000625	0.6474	0.6961
243	1	43	1	1	0.000625	0.6545	0.6916
244	1	44	1	1	0.000625	0.6437	0.7011
245	1	45	1	1	0.000625	0.6438	0.7129
246	1	46	1	1	0.000625	0.6494	0.6925
247	1	47	1	1	0.000625	0.6522	0.7224
248	1	48	1	1	0.000625	0.6619	0.7598
249	1	49	1	1	0.000625	0.6855	0.8535
250	1	50	1	1	0.000625	0.6959	0.7016
251	1	51	1	1	0.000625	0.6482	0.721
252	1	52	1	1	0.000625	0.6423	0.7145
253	1	53	1	1	0.000625	0.6561	0.7044
254	1	54	1	1	0.000625	0.6449	0.7126
255	1	55	1	1	0.000625	0.659	0.7184
256	1	56	1	1	0.000625	0.6355	0.6906
257	1	57	1	1	0.000625	0.6667	0.7555
258	1	58	1	1	0.000625	0.6567	0.6893
259	1	59	1	1	0.000625	0.6332	0.6864
260	1	60	1	1	0.000625	0.6454	0.6921
261	1	61	1	1	0.0003125	0.6261	0.6937
262	1	62	1	1	0.0003125	0.6278	0.6782
263	1	63	1	1	0.0003125	0.6285	0.6792
264	1	64	1	1	0.0003125	0.6238	0.685
265	1	65	1	1	0.0003125	0.6284	0.6823
266	1	66	1	1	0.0003125	0.6245	0.6798
267	1	67	1	1	0.0003125	0.6197	0.6898
268	1	68	1	1	0.0003125	0.6301	0.7164
269	1	69	1	1	0.0003125	0.6399	0.6971
270	1	70	1	1	0.0003125	0.6465	0.6807
271	1	71	1	1	0.0003125	0.6218	0.6842
272	1	72	1	1	0.0003125	0.6362	0.6779
273	1	73	1	1	0.0003125	0.6212	0.6805
274	1	74	1	1	0.0003125	0.6204	0.6846
275	1	75	1	1	0.0003125	0.6302	0.6804
276	1	76	1	1	0.0003125	0.6192	0.6822
277	1	77	1	1	0.0003125	0.6316	0.7025
278	1	78	1	1	0.0003125	0.6275	0.6786
279	1	79	1	1	0.0003125	0.6209	0.6805
280	1	80	1	1	0.0003125	0.6252	0.6993
281	1	81	1	1	0.00015625	0.6244	0.6973
282	1	82	1	1	0.00015625	0.627	0.6861
283	1	83	1	1	0.00015625	0.6164	0.6799
284	1	84	1	1	0.00015625	0.616	0.6789
285	1	85	1	1	0.00015625	0.6226	0.6771
286	1	86	1	1	0.00015625	0.617	0.6789
287	1	87	1	1	0.00015625	0.6269	0.7177
288	1	88	1	1	0.00015625	0.6221	0.6721
289	1	89	1	1	0.00015625	0.621	0.7025
290	1	90	1	1	0.00015625	0.6162	0.6725
291	1	91	1	1	0.00015625	0.6146	0.6762
292	1	92	1	1	0.00015625	0.6147	0.6743
293	1	93	1	1	0.00015625	0.6131	0.6761
294	1	94	1	1	0.00015625	0.6131	0.6727
295	1	95	1	1	0.00015625	0.6119	0.6734
296	1	96	1	1	0.00015625	0.6156	0.6874
297	1	97	1	1	0.00015625	0.6287	0.678
298	1	98	1	1	0.00015625	0.6187	0.6795
299	1	99	1	1	0.00015625	0.6179	0.6717
300	1	100	1	1	0.00015625	0.615	0.6757
301	1	1	2	10	7.8125e-05	0.6465	0.9533
302	1	2	2	10	7.8125e-05	0.6728	0.6969
303	1	3	2	10	7.8125e-05	0.6474	0.7015
304	1	4	2	10	7.8125e-05	0.649	0.7728
305	1	5	2	10	7.8125e-05	0.6549	0.6908
306	1	6	2	10	7.8125e-05	0.6472	0.8372
307	1	7	2	10	7.8125e-05	0.6571	0.7344
308	1	8	2	10	7.8125e-05	0.6471	0.6917
309	1	9	2	10	7.8125e-05	0.671	0.8692
310	1	10	2	10	7.8125e-05	0.7172	0.8125
311	1	11	2	10	7.8125e-05	0.6605	0.6936
312	1	12	2	10	7.8125e-05	0.6593	0.7359
313	1	13	2	10	7.8125e-05	0.6774	0.9204
314	1	14	2	10	7.8125e-05	0.6925	0.6917
315	1	15	2	10	7.8125e-05	0.6437	0.7069
316	1	16	2	10	7.8125e-05	0.6744	0.8258
317	1	17	2	10	7.8125e-05	0.7137	0.7018
318	1	18	2	10	7.8125e-05	0.6953	0.6932
319	1	19	2	10	7.8125e-05	0.643	0.6935
320	1	20	2	10	7.8125e-05	0.6509	0.7424
321	1	21	2	10	3.90625e-05	0.6426	0.7157
322	1	22	2	10	3.90625e-05	0.6301	0.6882
323	1	23	2	10	3.90625e-05	0.6391	0.7036
324	1	24	2	10	3.90625e-05	0.6345	0.6886
325	1	25	2	10	3.90625e-05	0.6396	0.6953
326	1	26	2	10	3.90625e-05	0.6296	0.6976
327	1	27	2	10	3.90625e-05	0.6294	0.7152
328	1	28	2	10	3.90625e-05	0.7063	0.7014
329	1	29	2	10	3.90625e-05	0.6454	0.7437
330	1	30	2	10	3.90625e-05	0.6603	0.7013
331	1	31	2	10	3.90625e-05	0.6351	0.6978
332	1	32	2	10	3.90625e-05	0.6302	0.6996
333	1	33	2	10	3.90625e-05	0.6308	0.7467
334	1	34	2	10	3.90625e-05	0.6351	0.7133
335	1	35	2	10	3.90625e-05	0.627	0.6885
336	1	36	2	10	3.90625e-05	0.6679	0.8209
337	1	37	2	10	3.90625e-05	0.6364	0.6894
338	1	38	2	10	3.90625e-05	0.6339	0.7145
339	1	39	2	10	3.90625e-05	0.633	0.7076
340	1	40	2	10	3.90625e-05	0.6294	0.6949
341	1	41	2	10	1.95313e-05	0.6287	0.6892
342	1	42	2	10	1.95313e-05	0.6248	0.6962
343	1	43	2	10	1.95313e-05	0.6305	0.7128
344	1	44	2	10	1.95313e-05	0.6267	0.6876
345	1	45	2	10	1.95313e-05	0.6312	0.7383
346	1	46	2	10	1.95313e-05	0.6314	0.6887
347	1	47	2	10	1.95313e-05	0.6267	0.7057
348	1	48	2	10	1.95313e-05	0.6267	0.6959
349	1	49	2	10	1.95313e-05	0.6261	0.7011
350	1	50	2	10	1.95313e-05	0.6242	0.6892
351	1	51	2	10	1.95313e-05	0.6327	0.6947
352	1	52	2	10	1.95313e-05	0.6359	0.7031
353	1	53	2	10	1.95313e-05	0.6385	0.7058
354	1	54	2	10	1.95313e-05	0.6293	0.6877
355	1	55	2	10	1.95313e-05	0.6274	0.6947
356	1	56	2	10	1.95313e-05	0.6231	0.6879
357	1	57	2	10	1.95313e-05	0.623	0.694
358	1	58	2	10	1.95313e-05	0.6247	0.689
359	1	59	2	10	1.95313e-05	0.6285	0.6889
360	1	60	2	10	1.95313e-05	0.6338	0.6974
361	1	61	2	10	9.76563e-06	0.6238	0.6887
362	1	62	2	10	9.76563e-06	0.6216	0.6941
363	1	63	2	10	9.76563e-06	0.6227	0.6884
364	1	64	2	10	9.76563e-06	0.6235	0.6891
365	1	65	2	10	9.76563e-06	0.6224	0.6893
366	1	66	2	10	9.76563e-06	0.6223	0.6886
367	1	67	2	10	9.76563e-06	0.6225	0.6874
368	1	68	2	10	9.76563e-06	0.6324	0.697
369	1	69	2	10	9.76563e-06	0.6247	0.6871
370	1	70	2	10	9.76563e-06	0.6307	0.689
371	1	71	2	10	9.76563e-06	0.6262	0.6911
372	1	72	2	10	9.76563e-06	0.6224	0.6883
373	1	73	2	10	9.76563e-06	0.6232	0.6909
374	1	74	2	10	9.76563e-06	0.6223	0.6884
375	1	75	2	10	9.76563e-06	0.6257	0.6937
376	1	76	2	10	9.76563e-06	0.6292	0.6899
377	1	77	2	10	9.76563e-06	0.625	0.6913
378	1	78	2	10	9.76563e-06	0.6359	0.7149
379	1	79	2	10	9.76563e-06	0.6262	0.6873
380	1	80	2	10	9.76563e-06	0.6237	0.6902
381	1	81	2	10	4.88281e-06	0.6232	0.6922
382	1	82	2	10	4.88281e-06	0.6245	0.6875
383	1	83	2	10	4.88281e-06	0.6277	0.6881
384	1	84	2	10	4.88281e-06	0.6224	0.688
385	1	85	2	10	4.88281e-06	0.6209	0.6872
386	1	86	2	10	4.88281e-06	0.6209	0.6882
387	1	87	2	10	4.88281e-06	0.6221	0.6872
388	1	88	2	10	4.88281e-06	0.6241	0.6887
389	1	89	2	10	4.88281e-06	0.6274	0.6945
390	1	90	2	10	4.88281e-06	0.6235	0.6891
391	1	91	2	10	4.88281e-06	0.6232	0.6876
392	1	92	2	10	4.88281e-06	0.6252	0.6932
393	1	93	2	10	4.88281e-06	0.623	0.6873
394	1	94	2	10	4.88281e-06	0.6209	0.6872
395	1	95	2	10	4.88281e-06	0.6239	0.6889
396	1	96	2	10	4.88281e-06	0.6242	0.7052
397	1	97	2	10	4.88281e-06	0.6244	0.6881
398	1	98	2	10	4.88281e-06	0.6209	0.6871
399	1	99	2	10	4.88281e-06	0.6246	0.6923
400	1	100	2	10	4.88281e-06	0.6237	0.6873
401	1	1	3	1000	2.44141e-06	2.3746	2.8057
402	1	2	3	1000	2.44141e-06	2.2603	2.8905
403	1	3	3	1000	2.44141e-06	2.2488	3.1683
404	1	4	3	1000	2.44141e-06	2.4841	2.7786
405	1	5	3	1000	2.44141e-06	2.5699	3.9141
406	1	6	3	1000	2.44141e-06	3.0299	2.7594
407	1	7	3	1000	2.44141e-06	2.735	3.0357
408	1	8	3	1000	2.44141e-06	2.302	2.7652
409	1	9	3	1000	2.44141e-06	2.4059	2.7445
410	1	10	3	1000	2.44141e-06	2.2949	2.719
411	1	11	3	1000	2.44141e-06	2.2712	2.8111
412	1	12	3	1000	2.44141e-06	2.2584	2.7935
413	1	13	3	1000	2.44141e-06	2.3181	2.7173
414	1	14	3	1000	2.44141e-06	2.226	2.7571
415	1	15	3	1000	2.44141e-06	2.317	2.7496
416	1	16	3	1000	2.44141e-06	2.2314	2.8047
417	1	17	3	1000	2.44141e-06	2.2196	2.7977
418	1	18	3	1000	2.44141e-06	2.2684	2.7211
419	1	19	3	1000	2.44141e-06	2.2587	2.7565
420	1	20	3	1000	2.44141e-06	2.2862	2.7255
421	1	21	3	1000	1.2207e-06	2.2333	2.7303
422	1	22	3	1000	1.2207e-06	2.2008	2.7776
423	1	23	3	1000	1.2207e-06	2.2959	2.744
424	1	24	3	1000	1.2207e-06	2.1944	2.7397
425	1	25	3	1000	1.2207e-06	2.2236	3.0245
426	1	26	3	1000	1.2207e-06	2.2195	2.7892
427	1	27	3	1000	1.2207e-06	2.1902	2.7736
428	1	28	3	1000	1.2207e-06	2.2148	2.8011
429	1	29	3	1000	1.2207e-06	2.1936	2.7242
430	1	30	3	1000	1.2207e-06	2.1886	2.855
431	1	31	3	1000	1.2207e-06	2.1953	2.7269
432	1	32	3	1000	1.2207e-06	2.2257	3.2552
433	1	33	3	1000	1.2207e-06	2.2067	3.0291
434	1	34	3	1000	1.2207e-06	2.2763	2.7274
435	1	35	3	1000	1.2207e-06	2.2201	2.7264
436	1	36	3	1000	1.2207e-06	2.2536	2.7565
437	1	37	3	1000	1.2207e-06	2.1993	3.0037
438	1	38	3	1000	1.2207e-06	2.2191	2.9332
439	1	39	3	1000	1.2207e-06	2.1926	2.7831
440	1	40	3	1000	1.2207e-06	2.2017	2.7945
441	1	41	3	1000	6.10352e-07	2.2276	2.7289
442	1	42	3	1000	6.10352e-07	2.1947	2.8283
443	1	43	3	1000	6.10352e-07	2.2024	2.7717
444	1	44	3	1000	6.10352e-07	2.18	2.7678
445	1	45	3	1000	6.10352e-07	2.1783	2.8449
446	1	46	3	1000	6.10352e-07	2.2116	2.7451
447	1	47	3	1000	6.10352e-07	2.2799	2.7783
448	1	48	3	1000	6.10352e-07	2.2498	2.7234
449	1	49	3	1000	6.10352e-07	2.314	3.08
450	1	50	3	1000	6.10352e-07	2.2141	2.7373
451	1	51	3	1000	6.10352e-07	2.1999	2.7979
452	1	52	3	1000	6.10352e-07	2.1889	2.7588
453	1	53	3	1000	6.10352e-07	2.17	2.7295
454	1	54	3	1000	6.10352e-07	2.216	2.8383
455	1	55	3	1000	6.10352e-07	2.2227	2.7591
456	1	56	3	1000	6.10352e-07	2.2415	2.7246
457	1	57	3	1000	6.10352e-07	2.2082	2.7236
458	1	58	3	1000	6.10352e-07	2.2605	2.8738
459	1	59	3	1000	6.10352e-07	2.1706	2.7494
460	1	60	3	1000	6.10352e-07	2.1676	2.801
461	1	61	3	1000	3.05176e-07	2.1547	2.7414
462	1	62	3	1000	3.05176e-07	2.1655	2.7629
463	1	63	3	1000	3.05176e-07	2.1638	2.7715
464	1	64	3	1000	3.05176e-07	2.1607	2.7957
465	1	65	3	1000	3.05176e-07	2.16	2.7461
466	1	66	3	1000	3.05176e-07	2.2059	2.7327
467	1	67	3	1000	3.05176e-07	2.1643	2.8553
468	1	68	3	1000	3.05176e-07	2.231	2.7239
469	1	69	3	1000	3.05176e-07	2.1766	2.7969
470	1	70	3	1000	3.05176e-07	2.1768	2.7946
471	1	71	3	1000	3.05176e-07	2.156	2.7598
472	1	72	3	1000	3.05176e-07	2.162	2.7421
473	1	73	3	1000	3.05176e-07	2.1571	2.7669
474	1	74	3	1000	3.05176e-07	2.1586	2.7654
475	1	75	3	1000	3.05176e-07	2.1712	2.731
476	1	76	3	1000	3.05176e-07	2.1714	2.7623
477	1	77	3	1000	3.05176e-07	2.156	2.745
478	1	78	3	1000	3.05176e-07	2.1573	2.7612
479	1	79	3	1000	3.05176e-07	2.1666	2.7313
480	1	80	3	1000	3.05176e-07	2.1758	2.7863
481	1	81	3	1000	1.52588e-07	2.1648	2.7827
482	1	82	3	1000	1.52588e-07	2.1535	2.7496
483	1	83	3	1000	1.52588e-07	2.1536	2.7544
484	1	84	3	1000	1.52588e-07	2.153	2.7787
485	1	85	3	1000	1.52588e-07	2.1595	2.7869
486	1	86	3	1000	1.52588e-07	2.1573	2.7642
487	1	87	3	1000	1.52588e-07	2.1589	2.7467
488	1	88	3	1000	1.52588e-07	2.1551	2.7485
489	1	89	3	1000	1.52588e-07	2.1543	2.7466
490	1	90	3	1000	1.52588e-07	2.1547	2.7443
491	1	91	3	1000	1.52588e-07	2.1546	2.7595
492	1	92	3	1000	1.52588e-07	2.1542	2.7591
493	1	93	3	1000	1.52588e-07	2.1529	2.735
494	1	94	3	1000	1.52588e-07	2.1571	2.7502
495	1	95	3	1000	1.52588e-07	2.154	2.7748
496	1	96	3	1000	1.52588e-07	2.1698	2.7378
497	1	97	3	1000	1.52588e-07	2.1594	2.7682
498	1	98	3	1000	1.52588e-07	2.1523	2.7622
499	1	99	3	1000	1.52588e-07	2.1517	2.7466
500	1	100	3	1000	1.52588e-07	2.1573	2.7674
