global_epoch	phase	block	block_epoch	val_e_sr_mean	val_e_sr_rms	val_e_lr_mean	val_e_lr_std	val_e_lr_rms	val_q_mean	val_q_rms	val_q_max_abs	val_net_charge	val_sum_q2	val_f_sr_rms	val_f_lr_rms	val_f_tot_rms	val_f_lr_over_f_tot
1	0	0	1	6.84135895e+01	6.84269257e+01									9.32440758e-01		9.32440758e-01	
2	0	0	2	7.77480011e+01	7.77521515e+01									7.50163674e-01		7.50163674e-01	
3	0	0	3	6.76089325e+01	6.76127243e+01									7.78815985e-01		7.78815985e-01	
4	0	0	4	8.55281754e+01	8.55303116e+01									8.09168339e-01		8.09168339e-01	
5	0	0	5	7.63106232e+01	7.63127289e+01									7.39735544e-01		7.39735544e-01	
6	0	0	6	6.59706268e+01	6.59738846e+01									9.08096313e-01		9.08096313e-01	
7	0	0	7	6.94261856e+01	6.94289780e+01									8.28551114e-01		8.28551114e-01	
8	0	0	8	7.72363510e+01	7.72390594e+01									8.08226764e-01		8.08226764e-01	
9	0	0	9	8.04698334e+01	8.04724045e+01									8.12213659e-01		8.12213659e-01	
10	0	0	10	7.11416168e+01	7.11441422e+01									8.31207752e-01		8.31207752e-01	
11	0	0	11	6.83187408e+01	6.83217316e+01									7.88620949e-01		7.88620949e-01	
12	0	0	12	8.44808197e+01	8.44833145e+01									8.24484229e-01		8.24484229e-01	
13	0	0	13	6.89393768e+01	6.89425354e+01									8.51892471e-01		8.51892471e-01	
14	0	0	14	7.43474350e+01	7.43504257e+01									8.27631593e-01		8.27631593e-01	
15	0	0	15	7.28125458e+01	7.28153915e+01									8.21658313e-01		8.21658313e-01	
16	0	0	16	6.70387421e+01	6.70420761e+01									8.13910306e-01		8.13910306e-01	
17	0	0	17	7.60550308e+01	7.60579529e+01									7.84453690e-01		7.84453690e-01	
18	0	0	18	7.67645721e+01	7.67673492e+01									8.00379276e-01		8.00379276e-01	
19	0	0	19	6.29649277e+01	6.29685593e+01									8.43218744e-01		8.43218744e-01	
20	0	0	20	6.77446671e+01	6.77474594e+01									8.10214281e-01		8.10214281e-01	
21	0	0	21	7.39742432e+01	7.39770279e+01									7.79839873e-01		7.79839873e-01	
22	0	0	22	7.26454468e+01	7.26478577e+01									7.66261458e-01		7.66261458e-01	
23	0	0	23	7.73968506e+01	7.73994141e+01									7.90006340e-01		7.90006340e-01	
24	0	0	24	7.17758942e+01	7.17790985e+01									8.03189397e-01		8.03189397e-01	
25	0	0	25	7.20411911e+01	7.20439148e+01									8.11712444e-01		8.11712444e-01	
26	0	0	26	7.43660660e+01	7.43685074e+01									7.71467507e-01		7.71467507e-01	
27	0	0	27	7.34841614e+01	7.34865494e+01									7.95649111e-01		7.95649111e-01	
28	0	0	28	7.36947861e+01	7.36974869e+01									8.20727050e-01		8.20727050e-01	
29	0	0	29	7.49991684e+01	7.50018387e+01									8.05743814e-01		8.05743814e-01	
30	0	0	30	7.38793640e+01	7.38818970e+01									8.26537430e-01		8.26537430e-01	
31	0	0	31	7.25270996e+01	7.25298920e+01									8.10919344e-01		8.10919344e-01	
32	0	0	32	7.44452515e+01	7.44480515e+01									8.47363949e-01		8.47363949e-01	
33	0	0	33	6.97101288e+01	6.97127304e+01									7.56510198e-01		7.56510198e-01	
34	0	0	34	7.42283936e+01	7.42309875e+01									8.11044037e-01		8.11044037e-01	
35	0	0	35	6.59989624e+01	6.60017395e+01									8.10209155e-01		8.10209155e-01	
36	0	0	36	7.38834229e+01	7.38860092e+01									8.17162693e-01		8.17162693e-01	
37	0	0	37	7.22881012e+01	7.22906876e+01									8.04415584e-01		8.04415584e-01	
38	0	0	38	7.36701813e+01	7.36726608e+01									8.19297552e-01		8.19297552e-01	
39	0	0	39	7.44775696e+01	7.44796524e+01									8.17265868e-01		8.17265868e-01	
40	0	0	40	8.09190903e+01	8.09217987e+01									8.24489653e-01		8.24489653e-01	
41	0	1	1	7.43508911e+01	7.43536148e+01									8.11537564e-01		8.11537564e-01	
42	0	1	2	7.67317963e+01	7.67341766e+01									7.62372792e-01		7.62372792e-01	
43	0	1	3	7.20004120e+01	7.20030518e+01									8.01549196e-01		8.01549196e-01	
44	0	1	4	6.65585556e+01	6.65614548e+01									8.06809366e-01		8.06809366e-01	
45	0	1	5	7.98486862e+01	7.98512878e+01									8.35072279e-01		8.35072279e-01	
46	0	1	6	6.71775589e+01	6.71805038e+01									8.31249118e-01		8.31249118e-01	
47	0	1	7	7.62231216e+01	7.62267685e+01									8.51317823e-01		8.51317823e-01	
48	0	1	8	7.85891953e+01	7.85916672e+01									8.07199061e-01		8.07199061e-01	
49	0	1	9	7.37224274e+01	7.37249908e+01									8.02705765e-01		8.02705765e-01	
50	0	1	10	7.14530029e+01	7.14556274e+01									7.89694190e-01		7.89694190e-01	
51	0	1	11	7.46625519e+01	7.46652603e+01									8.10822785e-01		8.10822785e-01	
52	0	1	12	7.58897934e+01	7.58924179e+01									8.57828021e-01		8.57828021e-01	
53	0	1	13	7.45900879e+01	7.45928345e+01									7.83680797e-01		7.83680797e-01	
54	0	1	14	7.87819672e+01	7.87844772e+01									8.49105537e-01		8.49105537e-01	
55	0	1	15	8.01049805e+01	8.01078491e+01									8.23964715e-01		8.23964715e-01	
56	0	1	16	7.83542709e+01	7.83566437e+01									8.78345072e-01		8.78345072e-01	
57	0	1	17	7.63839798e+01	7.63864288e+01									8.09730053e-01		8.09730053e-01	
58	0	1	18	7.65553513e+01	7.65578537e+01									7.87367523e-01		7.87367523e-01	
59	0	1	19	7.93860321e+01	7.93884888e+01									8.36500943e-01		8.36500943e-01	
60	0	1	20	7.02114563e+01	7.02143707e+01									7.88757682e-01		7.88757682e-01	
61	0	1	21	7.43460236e+01	7.43490067e+01									8.14692795e-01		8.14692795e-01	
62	0	1	22	7.10175171e+01	7.10202408e+01									8.15127552e-01		8.15127552e-01	
63	0	1	23	7.56622543e+01	7.56646271e+01									8.14342082e-01		8.14342082e-01	
64	0	1	24	6.97374954e+01	6.97404327e+01									8.09919536e-01		8.09919536e-01	
65	0	1	25	7.33137207e+01	7.33160248e+01									7.94737220e-01		7.94737220e-01	
66	0	1	26	7.28601532e+01	7.28629684e+01									8.18286598e-01		8.18286598e-01	
67	0	1	27	6.62792664e+01	6.62820053e+01									8.26607466e-01		8.26607466e-01	
68	0	1	28	7.29030609e+01	7.29060669e+01									8.22843432e-01		8.22843432e-01	
69	0	1	29	6.71389465e+01	6.71417542e+01									8.14217746e-01		8.14217746e-01	
70	0	1	30	6.89676666e+01	6.89704285e+01									8.07830572e-01		8.07830572e-01	
71	0	1	31	7.71910858e+01	7.71938324e+01									8.26332688e-01		8.26332688e-01	
72	0	1	32	7.44570770e+01	7.44597549e+01									8.18328500e-01		8.18328500e-01	
73	0	1	33	7.21227722e+01	7.21254501e+01									8.13362241e-01		8.13362241e-01	
74	0	1	34	7.27955551e+01	7.27981262e+01									8.09510350e-01		8.09510350e-01	
75	0	1	35	7.30145721e+01	7.30171127e+01									8.09189200e-01		8.09189200e-01	
76	0	1	36	7.26382446e+01	7.26406860e+01									8.22239459e-01		8.22239459e-01	
77	0	1	37	7.29517288e+01	7.29543762e+01									8.22171509e-01		8.22171509e-01	
78	0	1	38	7.17791748e+01	7.17816696e+01									8.30241263e-01		8.30241263e-01	
79	0	1	39	7.30612640e+01	7.30635910e+01									7.84767866e-01		7.84767866e-01	
80	0	1	40	7.18813400e+01	7.18836594e+01									7.95400262e-01		7.95400262e-01	
81	0	2	1	7.06024094e+01	7.06051178e+01									8.09191704e-01		8.09191704e-01	
82	0	2	2	7.35526276e+01	7.35552750e+01									8.11049700e-01		8.11049700e-01	
83	0	2	3	7.28405914e+01	7.28431091e+01									8.22835922e-01		8.22835922e-01	
84	0	2	4	7.37232819e+01	7.37259140e+01									7.99135268e-01		7.99135268e-01	
85	0	2	5	7.51414566e+01	7.51440887e+01									8.35788012e-01		8.35788012e-01	
86	0	2	6	6.74642563e+01	6.74670258e+01									8.43468785e-01		8.43468785e-01	
87	0	2	7	7.09236221e+01	7.09264755e+01									8.33208084e-01		8.33208084e-01	
88	0	2	8	6.78996201e+01	6.79025650e+01									8.10081661e-01		8.10081661e-01	
89	0	2	9	7.45811462e+01	7.45836334e+01									8.41018081e-01		8.41018081e-01	
90	0	2	10	7.33134766e+01	7.33162308e+01									8.23909819e-01		8.23909819e-01	
91	0	2	11	6.65857773e+01	6.65890884e+01									8.08273017e-01		8.08273017e-01	
92	0	2	12	7.40958099e+01	7.40982513e+01									7.82073975e-01		7.82073975e-01	
93	0	2	13	8.20583496e+01	8.20605545e+01									8.26100171e-01		8.26100171e-01	
94	0	2	14	7.78458481e+01	7.78485870e+01									7.99787760e-01		7.99787760e-01	
95	0	2	15	5.65690842e+01	5.65723457e+01									7.86038280e-01		7.86038280e-01	
96	0	2	16	7.20761566e+01	7.20783615e+01									8.41590106e-01		8.41590106e-01	
97	0	2	17	7.50896835e+01	7.50921021e+01									8.09471011e-01		8.09471011e-01	
98	0	2	18	7.48193130e+01	7.48227310e+01									7.45884836e-01		7.45884836e-01	
99	0	2	19	7.16685638e+01	7.16718826e+01									8.00190151e-01		8.00190151e-01	
100	0	2	20	6.90810013e+01	6.90836716e+01									8.02296519e-01		8.02296519e-01	
101	0	2	21	7.31938629e+01	7.31965714e+01									8.20951819e-01		8.20951819e-01	
102	0	2	22	7.23712769e+01	7.23738327e+01									8.35341394e-01		8.35341394e-01	
103	0	2	23	7.47984619e+01	7.48011398e+01									8.30891669e-01		8.30891669e-01	
104	0	2	24	7.33354492e+01	7.33380356e+01									8.05670083e-01		8.05670083e-01	
105	0	2	25	7.55515442e+01	7.55543747e+01									7.79709160e-01		7.79709160e-01	
106	0	2	26	7.67941132e+01	7.67969208e+01									7.79260218e-01		7.79260218e-01	
107	0	2	27	7.02011948e+01	7.02040100e+01									8.14016879e-01		8.14016879e-01	
108	0	2	28	7.32508469e+01	7.32535400e+01									8.06510746e-01		8.06510746e-01	
109	0	2	29	7.54543839e+01	7.54568863e+01									8.11713815e-01		8.11713815e-01	
110	0	2	30	7.57849426e+01	7.57875061e+01									8.07483971e-01		8.07483971e-01	
111	0	2	31	7.41613083e+01	7.41638107e+01									8.32981825e-01		8.32981825e-01	
112	0	2	32	7.20040665e+01	7.20068665e+01									8.31077933e-01		8.31077933e-01	
113	0	2	33	7.34318390e+01	7.34344330e+01									8.13560724e-01		8.13560724e-01	
114	0	2	34	7.37338867e+01	7.37363892e+01									7.94632554e-01		7.94632554e-01	
115	0	2	35	7.08836517e+01	7.08862610e+01									8.11424792e-01		8.11424792e-01	
116	0	2	36	8.08852539e+01	8.08877487e+01									8.33835900e-01		8.33835900e-01	
117	0	2	37	7.45247726e+01	7.45273819e+01									8.12797666e-01		8.12797666e-01	
118	0	2	38	6.90419846e+01	6.90447311e+01									8.02413404e-01		8.02413404e-01	
119	0	2	39	6.75279922e+01	6.75306015e+01									8.05614769e-01		8.05614769e-01	
120	0	2	40	7.40824738e+01	7.40850372e+01									8.13423038e-01		8.13423038e-01	
121	0	3	1	6.97856598e+01	6.97884369e+01									8.13239634e-01		8.13239634e-01	
122	0	3	2	7.29047241e+01	7.29073715e+01									8.18784237e-01		8.18784237e-01	
123	0	3	3	7.35511703e+01	7.35544739e+01									8.22841048e-01		8.22841048e-01	
124	0	3	4	7.27112122e+01	7.27138748e+01									8.11141551e-01		8.11141551e-01	
125	0	3	5	7.04551010e+01	7.04581451e+01									8.34966481e-01		8.34966481e-01	
126	0	3	6	7.41050415e+01	7.41075058e+01									8.13344538e-01		8.13344538e-01	
127	0	3	7	6.94269638e+01	6.94301529e+01									8.21580887e-01		8.21580887e-01	
128	0	3	8	6.58907394e+01	6.58934860e+01									8.35659564e-01		8.35659564e-01	
129	0	3	9	6.97267609e+01	6.97296524e+01									8.04677904e-01		8.04677904e-01	
130	0	3	10	7.15246811e+01	7.15274963e+01									8.66592884e-01		8.66592884e-01	
131	0	3	11	7.00790405e+01	7.00815201e+01									7.96327233e-01		7.96327233e-01	
132	0	3	12	7.49884491e+01	7.49907837e+01									8.13622117e-01		8.13622117e-01	
133	0	3	13	7.13958359e+01	7.13986130e+01									8.13349187e-01		8.13349187e-01	
134	0	3	14	7.06178131e+01	7.06202240e+01									7.79028416e-01		7.79028416e-01	
135	0	3	15	6.81649780e+01	6.81677399e+01									8.01495016e-01		8.01495016e-01	
136	0	3	16	7.25433578e+01	7.25464859e+01									8.27585638e-01		8.27585638e-01	
137	0	3	17	7.20951309e+01	7.20981216e+01									8.35355699e-01		8.35355699e-01	
138	0	3	18	7.27196655e+01	7.27223969e+01									8.31103981e-01		8.31103981e-01	
139	0	3	19	7.04727402e+01	7.04756393e+01									8.12433898e-01		8.12433898e-01	
140	0	3	20	7.31502838e+01	7.31528168e+01									8.76204491e-01		8.76204491e-01	
141	0	3	21	7.44233780e+01	7.44258957e+01									8.04009438e-01		8.04009438e-01	
142	0	3	22	7.51257172e+01	7.51282654e+01									8.34114134e-01		8.34114134e-01	
143	0	3	23	7.20546722e+01	7.20572586e+01									7.88463652e-01		7.88463652e-01	
144	0	3	24	7.12150421e+01	7.12177048e+01									8.21931660e-01		8.21931660e-01	
145	0	3	25	7.40314178e+01	7.40341339e+01									7.97400475e-01		7.97400475e-01	
146	0	3	26	7.27543488e+01	7.27569199e+01									8.48237872e-01		8.48237872e-01	
147	0	3	27	7.22498245e+01	7.22526245e+01									8.07257414e-01		8.07257414e-01	
148	0	3	28	7.48708496e+01	7.48733215e+01									8.18891168e-01		8.18891168e-01	
149	0	3	29	7.29208832e+01	7.29235382e+01									8.13539624e-01		8.13539624e-01	
150	0	3	30	7.31827927e+01	7.31852798e+01									8.17408383e-01		8.17408383e-01	
151	0	3	31	7.42110977e+01	7.42138672e+01									8.10235560e-01		8.10235560e-01	
152	0	3	32	7.21796646e+01	7.21823425e+01									8.33062947e-01		8.33062947e-01	
153	0	3	33	7.55236664e+01	7.55262070e+01									8.00732970e-01		8.00732970e-01	
154	0	3	34	7.43845673e+01	7.43871155e+01									8.18547785e-01		8.18547785e-01	
155	0	3	35	7.28852921e+01	7.28878098e+01									8.01256299e-01		8.01256299e-01	
156	0	3	36	7.28294983e+01	7.28322067e+01									7.95819163e-01		7.95819163e-01	
157	0	3	37	7.30156631e+01	7.30181274e+01									7.89904475e-01		7.89904475e-01	
158	0	3	38	7.38935547e+01	7.38960648e+01									8.10147345e-01		8.10147345e-01	
159	0	3	39	7.04265976e+01	7.04295044e+01									8.25432360e-01		8.25432360e-01	
160	0	3	40	7.66435242e+01	7.66460114e+01									8.08993220e-01		8.08993220e-01	
161	0	4	1	7.02098389e+01	7.02126236e+01									8.14916670e-01		8.14916670e-01	
162	0	4	2	7.16420364e+01	7.16445847e+01									8.06594014e-01		8.06594014e-01	
163	0	4	3	7.29334641e+01	7.29360580e+01									8.21679950e-01		8.21679950e-01	
164	0	4	4	7.34400482e+01	7.34426727e+01									8.58313799e-01		8.58313799e-01	
165	0	4	5	7.67870941e+01	7.67893448e+01									8.12235832e-01		8.12235832e-01	
166	0	4	6	7.62181931e+01	7.62209091e+01									8.33918214e-01		8.33918214e-01	
167	0	4	7	6.50320587e+01	6.50347672e+01									8.12626243e-01		8.12626243e-01	
168	0	4	8	7.10701675e+01	7.10727615e+01									7.80508697e-01		7.80508697e-01	
169	0	4	9	7.29262009e+01	7.29289474e+01									8.01804960e-01		8.01804960e-01	
170	0	4	10	7.23836288e+01	7.23861084e+01									8.27006280e-01		8.27006280e-01	
171	0	4	11	7.09935150e+01	7.09960403e+01									8.09538960e-01		8.09538960e-01	
172	0	4	12	7.39591293e+01	7.39617615e+01									8.48543704e-01		8.48543704e-01	
173	0	4	13	7.58786240e+01	7.58810196e+01									8.37416589e-01		8.37416589e-01	
174	0	4	14	7.78419952e+01	7.78445282e+01									8.38084638e-01		8.38084638e-01	
175	0	4	15	7.54944611e+01	7.54970856e+01									8.09576988e-01		8.09576988e-01	
176	0	4	16	6.15882492e+01	6.15910759e+01									8.11541557e-01		8.11541557e-01	
177	0	4	17	7.69155426e+01	7.69182358e+01									8.26480269e-01		8.26480269e-01	
178	0	4	18	6.78743057e+01	6.78772507e+01									7.95076191e-01		7.95076191e-01	
179	0	4	19	7.47878189e+01	7.47903748e+01									8.45244169e-01		8.45244169e-01	
180	0	4	20	7.57890778e+01	7.57914429e+01									8.06770921e-01		8.06770921e-01	
181	0	4	21	7.29299316e+01	7.29324646e+01									8.15307319e-01		8.15307319e-01	
182	0	4	22	7.35402985e+01	7.35428009e+01									8.10377181e-01		8.10377181e-01	
183	0	4	23	7.33708649e+01	7.33735886e+01									8.18906784e-01		8.18906784e-01	
184	0	4	24	7.22999802e+01	7.23025589e+01									8.11387300e-01		8.11387300e-01	
185	0	4	25	7.45408554e+01	7.45435715e+01									8.43424320e-01		8.43424320e-01	
186	0	4	26	7.01022797e+01	7.01049347e+01									8.21400046e-01		8.21400046e-01	
187	0	4	27	7.02881088e+01	7.02907944e+01									8.15250576e-01		8.15250576e-01	
188	0	4	28	7.37545166e+01	7.37570801e+01									8.17420721e-01		8.17420721e-01	
189	0	4	29	7.74999161e+01	7.75023499e+01									8.04233432e-01		8.04233432e-01	
190	0	4	30	7.95606155e+01	7.95630188e+01									8.19913030e-01		8.19913030e-01	
191	0	4	31	7.73282623e+01	7.73308029e+01									8.25607240e-01		8.25607240e-01	
192	0	4	32	7.54188995e+01	7.54213409e+01									8.14540267e-01		8.14540267e-01	
193	0	4	33	6.94180069e+01	6.94207153e+01									8.11524808e-01		8.11524808e-01	
194	0	4	34	6.98949432e+01	6.98977737e+01									8.19110692e-01		8.19110692e-01	
195	0	4	35	7.08054352e+01	7.08079681e+01									8.13542366e-01		8.13542366e-01	
196	0	4	36	7.35675507e+01	7.35701981e+01									8.37405980e-01		8.37405980e-01	
197	0	4	37	7.20096817e+01	7.20122375e+01									8.22817564e-01		8.22817564e-01	
198	0	4	38	7.53040009e+01	7.53065186e+01									8.16744328e-01		8.16744328e-01	
199	0	4	39	7.38123016e+01	7.38147964e+01									7.97399163e-01		7.97399163e-01	
200	0	4	40	7.41256409e+01	7.41281586e+01									8.08683872e-01		8.08683872e-01	
201	1	0	1	6.92951660e+01	6.92977295e+01									8.07419896e-01		8.07419896e-01	
202	1	0	2	7.45435028e+01	7.45459595e+01									8.07964563e-01		8.07964563e-01	
203	1	0	3	7.20332031e+01	7.20358047e+01									8.18250597e-01		8.18250597e-01	
204	1	0	4	7.09099884e+01	7.09125595e+01									8.04480135e-01		8.04480135e-01	
205	1	0	5	7.16492310e+01	7.16517487e+01									8.10621500e-01		8.10621500e-01	
206	1	0	6	7.41913605e+01	7.41939316e+01									8.19475472e-01		8.19475472e-01	
207	1	0	7	7.48462982e+01	7.48487625e+01									8.17244947e-01		8.17244947e-01	
208	1	0	8	7.27369308e+01	7.27394562e+01									8.11657786e-01		8.11657786e-01	
209	1	0	9	7.44664536e+01	7.44689865e+01									8.17612290e-01		8.17612290e-01	
210	1	0	10	7.17713699e+01	7.17740021e+01									8.11988354e-01		8.11988354e-01	
211	1	0	11	7.49898529e+01	7.49923401e+01									8.14634562e-01		8.14634562e-01	
212	1	0	12	7.22214355e+01	7.22240219e+01									8.14036667e-01		8.14036667e-01	
213	1	0	13	7.47155838e+01	7.47181091e+01									8.16765070e-01		8.16765070e-01	
214	1	0	14	7.26771088e+01	7.26796341e+01									8.11047554e-01		8.11047554e-01	
215	1	0	15	7.34286041e+01	7.34311600e+01									8.19549620e-01		8.19549620e-01	
216	1	0	16	7.38414230e+01	7.38439560e+01									8.16928625e-01		8.16928625e-01	
217	1	0	17	7.22110748e+01	7.22136688e+01									8.15813482e-01		8.15813482e-01	
218	1	0	18	7.19320068e+01	7.19345093e+01									8.11236203e-01		8.11236203e-01	
219	1	0	19	7.45503998e+01	7.45529861e+01									8.14418018e-01		8.14418018e-01	
220	1	0	20	7.22216949e+01	7.22243195e+01									8.17046404e-01		8.17046404e-01	
221	1	0	21	7.37540131e+01	7.37565079e+01									8.16197872e-01		8.16197872e-01	
222	1	0	22	7.37830582e+01	7.37855988e+01									8.16012442e-01		8.16012442e-01	
223	1	0	23	7.37968292e+01	7.37993393e+01									8.16109717e-01		8.16109717e-01	
224	1	0	24	7.29749527e+01	7.29774704e+01									8.17287505e-01		8.17287505e-01	
225	1	0	25	7.30561981e+01	7.30586777e+01									8.12855363e-01		8.12855363e-01	
226	1	0	26	7.30045929e+01	7.30071259e+01									8.15322936e-01		8.15322936e-01	
227	1	0	27	7.39425354e+01	7.39450912e+01									8.19813728e-01		8.19813728e-01	
228	1	0	28	7.25038834e+01	7.25064545e+01									8.15646231e-01		8.15646231e-01	
229	1	0	29	7.28741455e+01	7.28767242e+01									8.18991899e-01		8.18991899e-01	
230	1	0	30	7.40276260e+01	7.40301285e+01									8.13525558e-01		8.13525558e-01	
231	1	0	31	7.27573853e+01	7.27598877e+01									8.12722445e-01		8.12722445e-01	
232	1	0	32	7.29586639e+01	7.29612350e+01									8.17962527e-01		8.17962527e-01	
233	1	0	33	7.35157394e+01	7.35182266e+01									8.13331366e-01		8.13331366e-01	
234	1	0	34	7.34693146e+01	7.34718399e+01									8.15577030e-01		8.15577030e-01	
235	1	0	35	7.36654053e+01	7.36679230e+01									8.17388177e-01		8.17388177e-01	
236	1	0	36	7.37287369e+01	7.37313004e+01									8.19306314e-01		8.19306314e-01	
237	1	0	37	7.38677597e+01	7.38703003e+01									8.19853187e-01		8.19853187e-01	
238	1	0	38	7.22088470e+01	7.22113571e+01									8.13543558e-01		8.13543558e-01	
239	1	0	39	7.39355240e+01	7.39380112e+01									8.15250635e-01		8.15250635e-01	
240	1	0	40	7.25339203e+01	7.25364990e+01									8.16792130e-01		8.16792130e-01	
241	1	0	41	7.36756058e+01	7.36781235e+01									8.15514922e-01		8.15514922e-01	
242	1	0	42	7.31718826e+01	7.31743851e+01									8.15401673e-01		8.15401673e-01	
243	1	0	43	7.27712173e+01	7.27737427e+01									8.14978540e-01		8.14978540e-01	
244	1	0	44	7.27153931e+01	7.27179413e+01									8.13002408e-01		8.13002408e-01	
245	1	0	45	7.28329926e+01	7.28355026e+01									8.16587627e-01		8.16587627e-01	
246	1	0	46	7.37841110e+01	7.37866364e+01									8.14858079e-01		8.14858079e-01	
247	1	0	47	7.25935898e+01	7.25961304e+01									8.15023661e-01		8.15023661e-01	
248	1	0	48	7.36367645e+01	7.36393051e+01									8.16944718e-01		8.16944718e-01	
249	1	0	49	7.30706329e+01	7.30731354e+01									8.14151943e-01		8.14151943e-01	
250	1	0	50	7.30460815e+01	7.30486298e+01									8.17463875e-01		8.17463875e-01	
251	1	0	51	7.35858459e+01	7.35883484e+01									8.14562917e-01		8.14562917e-01	
252	1	0	52	7.30917587e+01	7.30942612e+01									8.15140367e-01		8.15140367e-01	
253	1	0	53	7.29847260e+01	7.29872513e+01									8.14876735e-01		8.14876735e-01	
254	1	0	54	7.35294800e+01	7.35319901e+01									8.13943326e-01		8.13943326e-01	
255	1	0	55	7.33130264e+01	7.33155594e+01									8.16090822e-01		8.16090822e-01	
256	1	0	56	7.29871216e+01	7.29896393e+01									8.16643775e-01		8.16643775e-01	
257	1	0	57	7.35752182e+01	7.35777664e+01									8.17324996e-01		8.17324996e-01	
258	1	0	58	7.36705551e+01	7.36730957e+01									8.18604946e-01		8.18604946e-01	
259	1	0	59	7.31776505e+01	7.31802063e+01									8.16974878e-01		8.16974878e-01	
260	1	0	60	7.30862274e+01	7.30887680e+01									8.17544460e-01		8.17544460e-01	
261	1	0	61	7.33344955e+01	7.33369980e+01									8.13756347e-01		8.13756347e-01	
262	1	0	62	7.30209198e+01	7.30234833e+01									8.14476907e-01		8.14476907e-01	
263	1	0	63	7.33585663e+01	7.33610611e+01									8.14809024e-01		8.14809024e-01	
264	1	0	64	7.28483887e+01	7.28509369e+01									8.18131506e-01		8.18131506e-01	
265	1	0	65	7.31508331e+01	7.31533508e+01									8.15002143e-01		8.15002143e-01	
266	1	0	66	7.30503998e+01	7.30529556e+01									8.17813933e-01		8.17813933e-01	
267	1	0	67	7.29374008e+01	7.29399643e+01									8.15905571e-01		8.15905571e-01	
268	1	0	68	7.28316345e+01	7.28341751e+01									8.14326406e-01		8.14326406e-01	
269	1	0	69	7.30502472e+01	7.30527802e+01									8.19193482e-01		8.19193482e-01	
270	1	0	70	7.33603897e+01	7.33629074e+01									8.18553925e-01		8.18553925e-01	
271	1	0	71	7.28855133e+01	7.28880692e+01									8.16134334e-01		8.16134334e-01	
272	1	0	72	7.36691132e+01	7.36715927e+01									8.15977991e-01		8.15977991e-01	
273	1	0	73	7.32564926e+01	7.32590103e+01									8.15838635e-01		8.15838635e-01	
274	1	0	74	7.31490021e+01	7.31515656e+01									8.14913034e-01		8.14913034e-01	
275	1	0	75	7.31826401e+01	7.31851654e+01									8.14529717e-01		8.14529717e-01	
276	1	0	76	7.28814163e+01	7.28839340e+01									8.12163234e-01		8.12163234e-01	
277	1	0	77	7.34502792e+01	7.34528046e+01									8.16143692e-01		8.16143692e-01	
278	1	0	78	7.32280045e+01	7.32305069e+01									8.14341068e-01		8.14341068e-01	
279	1	0	79	7.32325287e+01	7.32350769e+01									8.17370713e-01		8.17370713e-01	
280	1	0	80	7.33119354e+01	7.33144455e+01									8.14920902e-01		8.14920902e-01	
281	1	0	81	7.31752472e+01	7.31777573e+01									8.15883160e-01		8.15883160e-01	
282	1	0	82	7.32901688e+01	7.32926712e+01									8.15704405e-01		8.15704405e-01	
283	1	0	83	7.33777084e+01	7.33802109e+01									8.14626276e-01		8.14626276e-01	
284	1	0	84	7.30842972e+01	7.30868225e+01									8.16702008e-01		8.16702008e-01	
285	1	0	85	7.29705200e+01	7.29730530e+01									8.17232192e-01		8.17232192e-01	
286	1	0	86	7.30646515e+01	7.30671692e+01									8.17677140e-01		8.17677140e-01	
287	1	0	87	7.34547653e+01	7.34572754e+01									8.15270603e-01		8.15270603e-01	
288	1	0	88	7.30256577e+01	7.30281982e+01									8.15497398e-01		8.15497398e-01	
289	1	0	89	7.30058899e+01	7.30084076e+01									8.15874934e-01		8.15874934e-01	
290	1	0	90	7.30931549e+01	7.30956879e+01									8.16267312e-01		8.16267312e-01	
291	1	0	91	7.31490860e+01	7.31516037e+01									8.16651523e-01		8.16651523e-01	
292	1	0	92	7.30397263e+01	7.30422668e+01									8.19536030e-01		8.19536030e-01	
293	1	0	93	7.31625519e+01	7.31650696e+01									8.15570295e-01		8.15570295e-01	
294	1	0	94	7.30818253e+01	7.30843430e+01									8.16096544e-01		8.16096544e-01	
295	1	0	95	7.31560364e+01	7.31585541e+01									8.15395236e-01		8.15395236e-01	
296	1	0	96	7.31394424e+01	7.31419678e+01									8.16990137e-01		8.16990137e-01	
297	1	0	97	7.30550766e+01	7.30576096e+01									8.17143857e-01		8.17143857e-01	
298	1	0	98	7.30623322e+01	7.30648651e+01									8.16134214e-01		8.16134214e-01	
299	1	0	99	7.33055038e+01	7.33080063e+01									8.15851986e-01		8.15851986e-01	
300	1	0	100	7.32002869e+01	7.32027969e+01									8.15400124e-01		8.15400124e-01	
301	2	0	1	7.31809998e+01	7.31835022e+01									8.15774143e-01		8.15774143e-01	
302	2	0	2	7.32517471e+01	7.32542496e+01									8.15350652e-01		8.15350652e-01	
303	2	0	3	7.30529022e+01	7.30554199e+01									8.15821588e-01		8.15821588e-01	
304	2	0	4	7.31915741e+01	7.31940918e+01									8.15714359e-01		8.15714359e-01	
305	2	0	5	7.31013412e+01	7.31038437e+01									8.15954566e-01		8.15954566e-01	
306	2	0	6	7.31756821e+01	7.31781998e+01									8.16400766e-01		8.16400766e-01	
307	2	0	7	7.31640396e+01	7.31665497e+01									8.15195262e-01		8.15195262e-01	
308	2	0	8	7.31468124e+01	7.31493149e+01									8.15531015e-01		8.15531015e-01	
309	2	0	9	7.31929779e+01	7.31954880e+01									8.15652132e-01		8.15652132e-01	
310	2	0	10	7.30536346e+01	7.30561447e+01									8.15233648e-01		8.15233648e-01	
311	2	0	11	7.31244659e+01	7.31269760e+01									8.16828072e-01		8.16828072e-01	
312	2	0	12	7.33656616e+01	7.33681564e+01									8.16485763e-01		8.16485763e-01	
313	2	0	13	7.34208984e+01	7.34234085e+01									8.15048218e-01		8.15048218e-01	
314	2	0	14	7.30678711e+01	7.30703888e+01									8.16278517e-01		8.16278517e-01	
315	2	0	15	7.32606430e+01	7.32631531e+01									8.15695345e-01		8.15695345e-01	
316	2	0	16	7.33575211e+01	7.33600159e+01									8.15219283e-01		8.15219283e-01	
317	2	0	17	7.32176208e+01	7.32201233e+01									8.16347003e-01		8.16347003e-01	
318	2	0	18	7.32129364e+01	7.32154388e+01									8.16195250e-01		8.16195250e-01	
319	2	0	19	7.32613373e+01	7.32638474e+01									8.15326631e-01		8.15326631e-01	
320	2	0	20	7.31245117e+01	7.31270218e+01									8.15373421e-01		8.15373421e-01	
321	2	0	21	7.32106018e+01	7.32131042e+01									8.15159321e-01		8.15159321e-01	
322	2	0	22	7.30384293e+01	7.30409470e+01									8.16360533e-01		8.16360533e-01	
323	2	0	23	7.32151184e+01	7.32176285e+01									8.14769864e-01		8.14769864e-01	
324	2	0	24	7.31982956e+01	7.32008057e+01									8.16280246e-01		8.16280246e-01	
325	2	0	25	7.32283401e+01	7.32308502e+01									8.16445827e-01		8.16445827e-01	
326	2	0	26	7.31846161e+01	7.31871109e+01									8.15901756e-01		8.15901756e-01	
327	2	0	27	7.30781631e+01	7.30806580e+01									8.15461159e-01		8.15461159e-01	
328	2	0	28	7.32156525e+01	7.32181473e+01									8.15869093e-01		8.15869093e-01	
329	2	0	29	7.32075195e+01	7.32100296e+01									8.16217780e-01		8.16217780e-01	
330	2	0	30	7.31093903e+01	7.31119003e+01									8.14651191e-01		8.14651191e-01	
331	2	0	31	7.32646561e+01	7.32671585e+01									8.15927804e-01		8.15927804e-01	
332	2	0	32	7.31205673e+01	7.31230698e+01									8.15705299e-01		8.15705299e-01	
333	2	0	33	7.31963577e+01	7.31988602e+01									8.15833867e-01		8.15833867e-01	
334	2	0	34	7.31132050e+01	7.31157150e+01									8.16124022e-01		8.16124022e-01	
335	2	0	35	7.31445770e+01	7.31470795e+01									8.16010833e-01		8.16010833e-01	
336	2	0	36	7.32787018e+01	7.32812195e+01									8.15522671e-01		8.15522671e-01	
337	2	0	37	7.30385895e+01	7.30411072e+01									8.16170156e-01		8.16170156e-01	
338	2	0	38	7.30063934e+01	7.30089188e+01									8.15247595e-01		8.15247595e-01	
339	2	0	39	7.30733337e+01	7.30758514e+01									8.15668106e-01		8.15668106e-01	
340	2	0	40	7.32931671e+01	7.32956619e+01									8.15858483e-01		8.15858483e-01	
341	2	0	41	7.31024323e+01	7.31049423e+01									8.15364242e-01		8.15364242e-01	
342	2	0	42	7.30539398e+01	7.30564499e+01									8.16077948e-01		8.16077948e-01	
343	2	0	43	7.31664581e+01	7.31689606e+01									8.15951467e-01		8.15951467e-01	
344	2	0	44	7.31784821e+01	7.31809998e+01									8.15445662e-01		8.15445662e-01	
345	2	0	45	7.31744843e+01	7.31769943e+01									8.16524744e-01		8.16524744e-01	
346	2	0	46	7.32045135e+01	7.32070236e+01									8.15228343e-01		8.15228343e-01	
347	2	0	47	7.31978836e+01	7.32003860e+01									8.15556705e-01		8.15556705e-01	
348	2	0	48	7.32143097e+01	7.32168198e+01									8.15978885e-01		8.15978885e-01	
349	2	0	49	7.31608276e+01	7.31633377e+01									8.15742433e-01		8.15742433e-01	
350	2	0	50	7.31614838e+01	7.31639938e+01									8.15978229e-01		8.15978229e-01	
351	2	0	51	7.32090073e+01	7.32115173e+01									8.16194415e-01		8.16194415e-01	
352	2	0	52	7.31826019e+01	7.31851120e+01									8.15823972e-01		8.15823972e-01	
353	2	0	53	7.31594696e+01	7.31619797e+01									8.15592051e-01		8.15592051e-01	
354	2	0	54	7.31628647e+01	7.31653671e+01									8.15747142e-01		8.15747142e-01	
355	2	0	55	7.31687393e+01	7.31712418e+01									8.15911233e-01		8.15911233e-01	
356	2	0	56	7.32011871e+01	7.32036972e+01									8.15503597e-01		8.15503597e-01	
357	2	0	57	7.31873932e+01	7.31898956e+01									8.15290034e-01		8.15290034e-01	
358	2	0	58	7.32108307e+01	7.32133408e+01									8.15976858e-01		8.15976858e-01	
359	2	0	59	7.31630707e+01	7.31655731e+01									8.15056026e-01		8.15056026e-01	
360	2	0	60	7.31847916e+01	7.31872940e+01									8.16243470e-01		8.16243470e-01	
361	2	0	61	7.31690216e+01	7.31715317e+01									8.15750360e-01		8.15750360e-01	
362	2	0	62	7.31436615e+01	7.31461639e+01									8.15551221e-01		8.15551221e-01	
363	2	0	63	7.31775742e+01	7.31800842e+01									8.15854609e-01		8.15854609e-01	
364	2	0	64	7.31912537e+01	7.31937637e+01									8.15985441e-01		8.15985441e-01	
365	2	0	65	7.31512680e+01	7.31537781e+01									8.15514028e-01		8.15514028e-01	
366	2	0	66	7.32125702e+01	7.32150726e+01									8.15706313e-01		8.15706313e-01	
367	2	0	67	7.32235947e+01	7.32260971e+01									8.16069067e-01		8.16069067e-01	
368	2	0	68	7.31515961e+01	7.31541061e+01									8.15406084e-01		8.15406084e-01	
369	2	0	69	7.32323837e+01	7.32348938e+01									8.15592408e-01		8.15592408e-01	
370	2	0	70	7.32174072e+01	7.32199097e+01									8.15810859e-01		8.15810859e-01	
371	2	0	71	7.31639175e+01	7.31664276e+01									8.15737307e-01		8.15737307e-01	
372	2	0	72	7.32263794e+01	7.32288895e+01									8.16033483e-01		8.16033483e-01	
373	2	0	73	7.31056595e+01	7.31081619e+01									8.15416515e-01		8.15416515e-01	
374	2	0	74	7.31366348e+01	7.31391373e+01									8.15199316e-01		8.15199316e-01	
375	2	0	75	7.31354904e+01	7.31379929e+01									8.15921724e-01		8.15921724e-01	
376	2	0	76	7.31041412e+01	7.31066513e+01									8.15815628e-01		8.15815628e-01	
377	2	0	77	7.30782928e+01	7.30808105e+01									8.15640748e-01		8.15640748e-01	
378	2	0	78	7.31925659e+01	7.31950760e+01									8.15798581e-01		8.15798581e-01	
379	2	0	79	7.32332535e+01	7.32357635e+01									8.15960169e-01		8.15960169e-01	
380	2	0	80	7.31739044e+01	7.31764145e+01									8.15920949e-01		8.15920949e-01	
381	2	0	81	7.30869141e+01	7.30894241e+01									8.15871477e-01		8.15871477e-01	
382	2	0	82	7.31994858e+01	7.32019958e+01									8.15910459e-01		8.15910459e-01	
383	2	0	83	7.31612320e+01	7.31637421e+01									8.15455794e-01		8.15455794e-01	
384	2	0	84	7.31720810e+01	7.31745911e+01									8.15670133e-01		8.15670133e-01	
385	2	0	85	7.31942673e+01	7.31967773e+01									8.15861344e-01		8.15861344e-01	
386	2	0	86	7.31666718e+01	7.31691742e+01									8.15623879e-01		8.15623879e-01	
387	2	0	87	7.31824722e+01	7.31849747e+01									8.15781176e-01		8.15781176e-01	
388	2	0	88	7.31644287e+01	7.31669312e+01									8.15704286e-01		8.15704286e-01	
389	2	0	89	7.31889496e+01	7.31914597e+01									8.16023290e-01		8.16023290e-01	
390	2	0	90	7.31116943e+01	7.31142120e+01									8.15671802e-01		8.15671802e-01	
391	2	0	91	7.31678314e+01	7.31703415e+01									8.15654814e-01		8.15654814e-01	
392	2	0	92	7.31963501e+01	7.31988602e+01									8.15495372e-01		8.15495372e-01	
393	2	0	93	7.31663284e+01	7.31688309e+01									8.15632820e-01		8.15632820e-01	
394	2	0	94	7.31548080e+01	7.31573181e+01									8.15748811e-01		8.15748811e-01	
395	2	0	95	7.31909332e+01	7.31934357e+01									8.15864384e-01		8.15864384e-01	
396	2	0	96	7.31368027e+01	7.31393051e+01									8.15901995e-01		8.15901995e-01	
397	2	0	97	7.31837234e+01	7.31862259e+01									8.15800428e-01		8.15800428e-01	
398	2	0	98	7.31694870e+01	7.31719894e+01									8.15787971e-01		8.15787971e-01	
399	2	0	99	7.31894226e+01	7.31919327e+01									8.15780163e-01		8.15780163e-01	
400	2	0	100	7.31728592e+01	7.31753616e+01									8.15706253e-01		8.15706253e-01	
401	3	0	1	7.31807404e+01	7.31832504e+01									8.15544009e-01		8.15544009e-01	
402	3	0	2	7.31568146e+01	7.31593170e+01									8.15534413e-01		8.15534413e-01	
403	3	0	3	7.31907806e+01	7.31932907e+01									8.15611482e-01		8.15611482e-01	
404	3	0	4	7.31900787e+01	7.31925735e+01									8.15668583e-01		8.15668583e-01	
405	3	0	5	7.31485443e+01	7.31510468e+01									8.15572977e-01		8.15572977e-01	
406	3	0	6	7.31390228e+01	7.31415253e+01									8.15612197e-01		8.15612197e-01	
407	3	0	7	7.31292877e+01	7.31317902e+01									8.15598905e-01		8.15598905e-01	
408	3	0	8	7.31384506e+01	7.31409454e+01									8.15639019e-01		8.15639019e-01	
409	3	0	9	7.31716385e+01	7.31741409e+01									8.15717101e-01		8.15717101e-01	
410	3	0	10	7.31570969e+01	7.31595993e+01									8.15718710e-01		8.15718710e-01	
411	3	0	11	7.31368408e+01	7.31393356e+01									8.15651655e-01		8.15651655e-01	
412	3	0	12	7.31293716e+01	7.31318741e+01									8.15686345e-01		8.15686345e-01	
413	3	0	13	7.31530991e+01	7.31556091e+01									8.15683484e-01		8.15683484e-01	
414	3	0	14	7.31680069e+01	7.31705017e+01									8.15720856e-01		8.15720856e-01	
415	3	0	15	7.31446838e+01	7.31471863e+01									8.15842450e-01		8.15842450e-01	
416	3	0	16	7.31516113e+01	7.31541138e+01									8.15986872e-01		8.15986872e-01	
417	3	0	17	7.31630936e+01	7.31655960e+01									8.15942228e-01		8.15942228e-01	
418	3	0	18	7.31606903e+01	7.31631927e+01									8.15969586e-01		8.15969586e-01	
419	3	0	19	7.31590118e+01	7.31615067e+01									8.16059470e-01		8.16059470e-01	
420	3	0	20	7.31493683e+01	7.31518631e+01									8.16096067e-01		8.16096067e-01	
421	3	0	21	7.31798706e+01	7.31823654e+01									8.16209197e-01		8.16209197e-01	
422	3	0	22	7.31710815e+01	7.31735764e+01									8.16243708e-01		8.16243708e-01	
423	3	0	23	7.31704865e+01	7.31729889e+01									8.16250384e-01		8.16250384e-01	
424	3	0	24	7.31610336e+01	7.31635361e+01									8.16210151e-01		8.16210151e-01	
425	3	0	25	7.31926880e+01	7.31951828e+01									8.16270411e-01		8.16270411e-01	
426	3	0	26	7.31553268e+01	7.31578293e+01									8.16241324e-01		8.16241324e-01	
427	3	0	27	7.31524429e+01	7.31549454e+01									8.16263199e-01		8.16263199e-01	
428	3	0	28	7.31733398e+01	7.31758423e+01									8.16330016e-01		8.16330016e-01	
429	3	0	29	7.31667862e+01	7.31692886e+01									8.16308260e-01		8.16308260e-01	
430	3	0	30	7.31712189e+01	7.31737137e+01									8.16276908e-01		8.16276908e-01	
431	3	0	31	7.31755524e+01	7.31780548e+01									8.16306531e-01		8.16306531e-01	
432	3	0	32	7.31407928e+01	7.31432953e+01									8.16257715e-01		8.16257715e-01	
433	3	0	33	7.31724396e+01	7.31749344e+01									8.16291094e-01		8.16291094e-01	
434	3	0	34	7.31865082e+01	7.31890106e+01									8.16300571e-01		8.16300571e-01	
435	3	0	35	7.31658630e+01	7.31683578e+01									8.16215634e-01		8.16215634e-01	
436	3	0	36	7.31607285e+01	7.31632233e+01									8.16197634e-01		8.16197634e-01	
437	3	0	37	7.31662750e+01	7.31687622e+01									8.16248059e-01		8.16248059e-01	
438	3	0	38	7.31642456e+01	7.31667480e+01									8.16283464e-01		8.16283464e-01	
439	3	0	39	7.31395874e+01	7.31420822e+01									8.16317797e-01		8.16317797e-01	
440	3	0	40	7.31838684e+01	7.31863556e+01									8.16403270e-01		8.16403270e-01	
441	3	0	41	7.31575699e+01	7.31600647e+01									8.16388130e-01		8.16388130e-01	
442	3	0	42	7.31787415e+01	7.31812363e+01									8.16424072e-01		8.16424072e-01	
443	3	0	43	7.31664581e+01	7.31689453e+01									8.16395462e-01		8.16395462e-01	
444	3	0	44	7.31676788e+01	7.31701736e+01									8.16382051e-01		8.16382051e-01	
445	3	0	45	7.31673126e+01	7.31698074e+01									8.16376984e-01		8.16376984e-01	
446	3	0	46	7.31609650e+01	7.31634674e+01									8.16375673e-01		8.16375673e-01	
447	3	0	47	7.31686020e+01	7.31710968e+01									8.16416681e-01		8.16416681e-01	
448	3	0	48	7.31648102e+01	7.31673050e+01									8.16413343e-01		8.16413343e-01	
449	3	0	49	7.31786728e+01	7.31811676e+01									8.16435516e-01		8.16435516e-01	
450	3	0	50	7.31724396e+01	7.31749420e+01									8.16431820e-01		8.16431820e-01	
451	3	0	51	7.31593475e+01	7.31618500e+01									8.16433847e-01		8.16433847e-01	
452	3	0	52	7.31740799e+01	7.31765747e+01									8.16482186e-01		8.16482186e-01	
453	3	0	53	7.31650391e+01	7.31675491e+01									8.16487193e-01		8.16487193e-01	
454	3	0	54	7.31574326e+01	7.31599426e+01									8.16466630e-01		8.16466630e-01	
455	3	0	55	7.31917572e+01	7.31942596e+01									8.16538215e-01		8.16538215e-01	
456	3	0	56	7.31531830e+01	7.31556778e+01									8.16465139e-01		8.16465139e-01	
457	3	0	57	7.31661148e+01	7.31686096e+01									8.16489756e-01		8.16489756e-01	
458	3	0	58	7.31725235e+01	7.31750259e+01									8.16488445e-01		8.16488445e-01	
459	3	0	59	7.31714325e+01	7.31739349e+01									8.16469848e-01		8.16469848e-01	
460	3	0	60	7.31677704e+01	7.31702652e+01									8.16474557e-01		8.16474557e-01	
461	3	0	61	7.31759949e+01	7.31784973e+01									8.16492677e-01		8.16492677e-01	
462	3	0	62	7.31736603e+01	7.31761703e+01									8.16476643e-01		8.16476643e-01	
463	3	0	63	7.31654816e+01	7.31679764e+01									8.16462934e-01		8.16462934e-01	
464	3	0	64	7.31677856e+01	7.31702805e+01									8.16463590e-01		8.16463590e-01	
465	3	0	65	7.31744232e+01	7.31769180e+01									8.16472530e-01		8.16472530e-01	
466	3	0	66	7.31687775e+01	7.31712723e+01									8.16464663e-01		8.16464663e-01	
467	3	0	67	7.31664429e+01	7.31689453e+01									8.16416144e-01		8.16416144e-01	
468	3	0	68	7.31675797e+01	7.31700745e+01									8.16404879e-01		8.16404879e-01	
469	3	0	69	7.31724091e+01	7.31749115e+01									8.16412151e-01		8.16412151e-01	
470	3	0	70	7.31638641e+01	7.31663666e+01									8.16404402e-01		8.16404402e-01	
471	3	0	71	7.31696930e+01	7.31721878e+01									8.16422760e-01		8.16422760e-01	
472	3	0	72	7.31669235e+01	7.31694183e+01									8.16421866e-01		8.16421866e-01	
473	3	0	73	7.31719742e+01	7.31744690e+01									8.16440761e-01		8.16440761e-01	
474	3	0	74	7.31687775e+01	7.31712799e+01									8.16453397e-01		8.16453397e-01	
475	3	0	75	7.31718292e+01	7.31743240e+01									8.16469669e-01		8.16469669e-01	
476	3	0	76	7.31773224e+01	7.31798248e+01									8.16488862e-01		8.16488862e-01	
477	3	0	77	7.31668243e+01	7.31693268e+01									8.16469431e-01		8.16469431e-01	
478	3	0	78	7.31638794e+01	7.31663742e+01									8.16463649e-01		8.16463649e-01	
479	3	0	79	7.31791611e+01	7.31816635e+01									8.16500306e-01		8.16500306e-01	
480	3	0	80	7.31584091e+01	7.31609116e+01									8.16471457e-01		8.16471457e-01	
481	3	0	81	7.31671829e+01	7.31696777e+01									8.16491365e-01		8.16491365e-01	
482	3	0	82	7.31699295e+01	7.31724243e+01									8.16498339e-01		8.16498339e-01	
483	3	0	83	7.31655273e+01	7.31680222e+01									8.16496074e-01		8.16496074e-01	
484	3	0	84	7.31668396e+01	7.31693344e+01									8.16500187e-01		8.16500187e-01	
485	3	0	85	7.31722794e+01	7.31747742e+01									8.16504061e-01		8.16504061e-01	
486	3	0	86	7.31719742e+01	7.31744766e+01									8.16511691e-01		8.16511691e-01	
487	3	0	87	7.31662140e+01	7.31687164e+01									8.16505253e-01		8.16505253e-01	
488	3	0	88	7.31662750e+01	7.31687698e+01									8.16503465e-01		8.16503465e-01	
489	3	0	89	7.31700287e+01	7.31725235e+01									8.16513777e-01		8.16513777e-01	
490	3	0	90	7.31673203e+01	7.31698227e+01									8.16513836e-01		8.16513836e-01	
491	3	0	91	7.31669769e+01	7.31694641e+01									8.16511989e-01		8.16511989e-01	
492	3	0	92	7.31709747e+01	7.31734695e+01									8.16514492e-01		8.16514492e-01	
493	3	0	93	7.31719360e+01	7.31744308e+01									8.16515744e-01		8.16515744e-01	
494	3	0	94	7.31707306e+01	7.31732178e+01									8.16505551e-01		8.16505551e-01	
495	3	0	95	7.31698761e+01	7.31723785e+01									8.16512227e-01		8.16512227e-01	
496	3	0	96	7.31681595e+01	7.31706543e+01									8.16521645e-01		8.16521645e-01	
497	3	0	97	7.31686783e+01	7.31711731e+01									8.16526771e-01		8.16526771e-01	
498	3	0	98	7.31730804e+01	7.31755829e+01									8.16536725e-01		8.16536725e-01	
499	3	0	99	7.31692657e+01	7.31717606e+01									8.16525519e-01		8.16525519e-01	
500	3	0	100	7.31672821e+01	7.31697845e+01									8.16512167e-01		8.16512167e-01	
