arm	epoch	ckpt	val_selected	elem	natoms_elem	nframes	q_mean	q_sd	q_sd_of_frame_mean	q_min	q_max	net_charge_mean_per_frame
cace-lr	200	model	0	H	128	80	1.83296490e+00	9.73563120e-02	6.04206882e-03	1.47503150e+00	2.19960570e+00	1.21808748e+01
cace-lr	200	model	0	O	64	80	-3.47560358e+00	2.29256153e-01	1.24751041e-02	-4.25392580e+00	-2.55624127e+00	1.21808748e+01
cace-lr	300	model-2	0	H	128	80	1.81839728e+00	9.98184904e-02	6.60288800e-03	1.47160935e+00	2.21127796e+00	7.24005890e+00
cace-lr	300	model-2	0	O	64	80	-3.52366877e+00	2.43170530e-01	1.35230077e-02	-4.33283567e+00	-2.51956034e+00	7.24005890e+00
cace-lr	400	model-3	0	H	128	80	1.82008362e+00	1.00065283e-01	6.62980368e-03	1.47263288e+00	2.21239352e+00	7.35697651e+00
cace-lr	400	model-3	0	O	64	80	-3.52521467e+00	2.44227290e-01	1.35782333e-02	-4.33660460e+00	-2.51126361e+00	7.35697651e+00
cace-lr	500	model-4	0	H	128	80	1.82044256e+00	1.00067988e-01	6.64007710e-03	1.47322440e+00	2.21334219e+00	6.91196823e+00
cace-lr	500	model-4	0	O	64	80	-3.53288579e+00	2.43364379e-01	1.35942148e-02	-4.34174442e+00	-2.52192688e+00	6.91196823e+00
cace-lr		best_model	1	H	128	80	1.82041621e+00	1.00068152e-01	6.64012833e-03	1.47319520e+00	2.21331048e+00	6.90938807e+00
cace-lr		best_model	1	O	64	80	-3.53287363e+00	2.43365094e-01	1.35937585e-02	-4.34173679e+00	-2.52192211e+00	6.90938807e+00
cace-sea-lr	200	model	0	H	128	80	-3.36530066e+00	1.13499403e-01	6.06779847e-03	-3.77213907e+00	-2.89967680e+00	-4.03474503e+01
cace-sea-lr	200	model	0	O	64	80	6.10017204e+00	2.26155058e-01	1.16804456e-02	5.11144161e+00	6.79987717e+00	-4.03474503e+01
cace-sea-lr	300	model-2	0	H	128	80	-3.78151059e+00	1.21247962e-01	7.23994523e-03	-4.25021601e+00	-3.26151562e+00	-2.22757816e+01
cace-sea-lr	300	model-2	0	O	64	80	7.21496296e+00	2.58049309e-01	1.38932653e-02	6.09670639e+00	8.03274345e+00	-2.22757816e+01
cace-sea-lr	400	model-3	0	H	128	80	-3.77650452e+00	1.21356465e-01	7.27902353e-03	-4.24601030e+00	-3.25310802e+00	-2.17152290e+01
cace-sea-lr	400	model-3	0	O	64	80	7.21370840e+00	2.59480298e-01	1.40689900e-02	6.08889532e+00	8.03387260e+00	-2.17152290e+01
cace-sea-lr	500	model-4	0	H	128	80	-3.77799869e+00	1.20618761e-01	7.25886226e-03	-4.24678898e+00	-3.25567269e+00	-2.19273300e+01
cace-sea-lr	500	model-4	0	O	64	80	7.21338177e+00	2.59523124e-01	1.41133405e-02	6.08761692e+00	8.03035164e+00	-2.19273300e+01
cace-sea-lr		best_model	1	H	128	80	-3.77796698e+00	1.20695978e-01	7.26047298e-03	-4.24692345e+00	-3.25566435e+00	-2.19168243e+01
cace-sea-lr		best_model	1	O	64	80	7.21348429e+00	2.59535283e-01	1.41100483e-02	6.08775854e+00	8.03066349e+00	-2.19168243e+01
