arm	global_epoch	block	block_epoch	phase	energy_weight	lr	train_loss	val_loss
cace-sea-lr	1	1	1	0	0.1	0.002	505.34	206.269
cace-sea-lr	2	1	2	0	0.1	0.004	287.945	121.485
cace-sea-lr	3	1	3	0	0.1	0.006	76.793	50.8801
cace-sea-lr	4	1	4	0	0.1	0.008	49.2818	49.4908
cace-sea-lr	5	1	5	0	0.1	0.01	66.2809	101.566
cace-sea-lr	6	1	6	0	0.1	0.01	44.196	21.2408
cace-sea-lr	7	1	7	0	0.1	0.01	45.5938	46.2161
cace-sea-lr	8	1	8	0	0.1	0.01	47.4143	141.741
cace-sea-lr	9	1	9	0	0.1	0.01	53.7261	34.6399
cace-sea-lr	10	1	10	0	0.1	0.01	35.753	23.7308
cace-sea-lr	11	1	11	0	0.1	0.01	20.0928	23.7537
cace-sea-lr	12	1	12	0	0.1	0.01	23.2858	16.7765
cace-sea-lr	13	1	13	0	0.1	0.01	38.3901	16.9881
cace-sea-lr	14	1	14	0	0.1	0.01	26.0227	45.1615
cace-sea-lr	15	1	15	0	0.1	0.01	42.8982	9.4753
cace-sea-lr	16	1	16	0	0.1	0.01	31.6965	46.0312
cace-sea-lr	17	1	17	0	0.1	0.01	27.8407	30.9831
cace-sea-lr	18	1	18	0	0.1	0.01	17.1306	17.317
cace-sea-lr	19	1	19	0	0.1	0.01	20.2342	20.6384
cace-sea-lr	20	1	20	0	0.1	0.01	27.1207	17.9312
cace-sea-lr	21	1	21	0	0.1	0.005	19.9877	15.7079
cace-sea-lr	22	1	22	0	0.1	0.005	14.2044	10.8037
cace-sea-lr	23	1	23	0	0.1	0.005	8.3746	12.2007
cace-sea-lr	24	1	24	0	0.1	0.005	15.2707	9.6032
cace-sea-lr	25	1	25	0	0.1	0.005	19.2636	23.7175
cace-sea-lr	26	1	26	0	0.1	0.005	19.0477	30.5091
cace-sea-lr	27	1	27	0	0.1	0.005	10.9375	9.7969
cace-sea-lr	28	1	28	0	0.1	0.005	10.6742	5.7524
cace-sea-lr	29	1	29	0	0.1	0.005	8.1256	16.5987
cace-sea-lr	30	1	30	0	0.1	0.005	10.3674	11.2871
cace-sea-lr	31	1	31	0	0.1	0.005	11.4068	4.7468
cace-sea-lr	32	1	32	0	0.1	0.005	10.0696	7.9801
cace-sea-lr	33	1	33	0	0.1	0.005	9.683	5.2674
cace-sea-lr	34	1	34	0	0.1	0.005	8.4792	22.3848
cace-sea-lr	35	1	35	0	0.1	0.005	14.795	5.9045
cace-sea-lr	36	1	36	0	0.1	0.005	9.2718	6.1749
cace-sea-lr	37	1	37	0	0.1	0.005	5.8031	7.6413
cace-sea-lr	38	1	38	0	0.1	0.005	19.5275	9.1942
cace-sea-lr	39	1	39	0	0.1	0.005	30.3991	20.9794
cace-sea-lr	40	1	40	0	0.1	0.005	23.5478	29.6624
cace-sea-lr	41	2	1	0	0.1	0.002	7.1264	4.3441
cace-sea-lr	42	2	2	0	0.1	0.004	6.07	4.2936
cace-sea-lr	43	2	3	0	0.1	0.006	8.8725	6.2502
cace-sea-lr	44	2	4	0	0.1	0.008	6.849	8.8076
cace-sea-lr	45	2	5	0	0.1	0.01	26.9294	17.1963
cace-sea-lr	46	2	6	0	0.1	0.01	23.9269	5.3605
cace-sea-lr	47	2	7	0	0.1	0.01	23.6227	15.6807
cace-sea-lr	48	2	8	0	0.1	0.01	28.1688	30.9836
cace-sea-lr	49	2	9	0	0.1	0.01	25.1102	10.7017
cace-sea-lr	50	2	10	0	0.1	0.01	24.2654	22.2764
cace-sea-lr	51	2	11	0	0.1	0.01	11.1149	18.0155
cace-sea-lr	52	2	12	0	0.1	0.01	10.6581	13.6844
cace-sea-lr	53	2	13	0	0.1	0.01	9.1766	6.3392
cace-sea-lr	54	2	14	0	0.1	0.01	7.7138	7.5511
cace-sea-lr	55	2	15	0	0.1	0.01	20.2294	8.226
cace-sea-lr	56	2	16	0	0.1	0.01	12.7645	13.7471
cace-sea-lr	57	2	17	0	0.1	0.01	10.6798	19.7091
cace-sea-lr	58	2	18	0	0.1	0.01	15.7213	4.9327
cace-sea-lr	59	2	19	0	0.1	0.01	17.3481	17.5013
cace-sea-lr	60	2	20	0	0.1	0.01	18.8738	14.7816
cace-sea-lr	61	2	21	0	0.1	0.005	7.8173	7.5906
cace-sea-lr	62	2	22	0	0.1	0.005	8.0333	6.1876
cace-sea-lr	63	2	23	0	0.1	0.005	9.2836	9.9823
cace-sea-lr	64	2	24	0	0.1	0.005	7.6499	3.7927
cace-sea-lr	65	2	25	0	0.1	0.005	5.9584	4.2103
cace-sea-lr	66	2	26	0	0.1	0.005	7.8743	6.7012
cace-sea-lr	67	2	27	0	0.1	0.005	4.7939	6.6481
cace-sea-lr	68	2	28	0	0.1	0.005	5.818	7.5036
cace-sea-lr	69	2	29	0	0.1	0.005	8.8613	5.8452
cace-sea-lr	70	2	30	0	0.1	0.005	7.4945	4.2017
cace-sea-lr	71	2	31	0	0.1	0.005	8.1499	7.1611
cace-sea-lr	72	2	32	0	0.1	0.005	8.3584	4.9071
cace-sea-lr	73	2	33	0	0.1	0.005	4.5513	2.8957
cace-sea-lr	74	2	34	0	0.1	0.005	4.3011	3.0764
cace-sea-lr	75	2	35	0	0.1	0.005	3.7432	3.5121
cace-sea-lr	76	2	36	0	0.1	0.005	5.1045	6.0988
cace-sea-lr	77	2	37	0	0.1	0.005	4.9124	4.0812
cace-sea-lr	78	2	38	0	0.1	0.005	4.353	2.9292
cace-sea-lr	79	2	39	0	0.1	0.005	5.1351	10.5013
cace-sea-lr	80	2	40	0	0.1	0.005	5.3224	3.4967
cace-sea-lr	81	3	1	0	0.1	0.002	13.4684	2.7402
cace-sea-lr	82	3	2	0	0.1	0.004	4.0237	3.8605
cace-sea-lr	83	3	3	0	0.1	0.006	6.0334	7.1161
cace-sea-lr	84	3	4	0	0.1	0.008	6.0967	2.96
cace-sea-lr	85	3	5	0	0.1	0.01	9.2777	6.7099
cace-sea-lr	86	3	6	0	0.1	0.01	9.9737	4.6698
cace-sea-lr	87	3	7	0	0.1	0.01	10.9971	5.305
cace-sea-lr	88	3	8	0	0.1	0.01	24.0038	26.2994
cace-sea-lr	89	3	9	0	0.1	0.01	24.6411	21.449
cace-sea-lr	90	3	10	0	0.1	0.01	18.546	4.0891
cace-sea-lr	91	3	11	0	0.1	0.01	15.4552	15.0089
cace-sea-lr	92	3	12	0	0.1	0.01	15.1349	20.8204
cace-sea-lr	93	3	13	0	0.1	0.01	15.1572	11.8175
cace-sea-lr	94	3	14	0	0.1	0.01	10.1565	6.0321
cace-sea-lr	95	3	15	0	0.1	0.01	7.0594	5.2083
cace-sea-lr	96	3	16	0	0.1	0.01	8.063	7.1562
cace-sea-lr	97	3	17	0	0.1	0.01	16.234	10.6394
cace-sea-lr	98	3	18	0	0.1	0.01	24.5951	16.7371
cace-sea-lr	99	3	19	0	0.1	0.01	17.6563	18.6839
cace-sea-lr	100	3	20	0	0.1	0.01	10.8786	6.0501
cace-sea-lr	101	3	21	0	0.1	0.005	4.9579	2.965
cace-sea-lr	102	3	22	0	0.1	0.005	4.0344	4.3702
cace-sea-lr	103	3	23	0	0.1	0.005	3.5377	3.655
cace-sea-lr	104	3	24	0	0.1	0.005	6.0694	4.499
cace-sea-lr	105	3	25	0	0.1	0.005	5.1407	2.738
cace-sea-lr	106	3	26	0	0.1	0.005	4.5087	3.9283
cace-sea-lr	107	3	27	0	0.1	0.005	3.7102	5.5577
cace-sea-lr	108	3	28	0	0.1	0.005	6.1288	4.1884
cace-sea-lr	109	3	29	0	0.1	0.005	5.3853	4.5142
cace-sea-lr	110	3	30	0	0.1	0.005	4.272	3.4962
cace-sea-lr	111	3	31	0	0.1	0.005	4.4413	10.2206
cace-sea-lr	112	3	32	0	0.1	0.005	6.1556	2.9304
cace-sea-lr	113	3	33	0	0.1	0.005	5.5022	3.008
cace-sea-lr	114	3	34	0	0.1	0.005	4.8325	4.8131
cace-sea-lr	115	3	35	0	0.1	0.005	4.104	3.393
cace-sea-lr	116	3	36	0	0.1	0.005	4.6202	4.174
cace-sea-lr	117	3	37	0	0.1	0.005	6.442	5.3741
cace-sea-lr	118	3	38	0	0.1	0.005	5.2772	3.6238
cace-sea-lr	119	3	39	0	0.1	0.005	4.9402	4.5667
cace-sea-lr	120	3	40	0	0.1	0.005	3.8532	3.1343
cace-sea-lr	121	4	1	0	0.1	0.002	16.2023	3.9563
cace-sea-lr	122	4	2	0	0.1	0.004	7.2348	7.7513
cace-sea-lr	123	4	3	0	0.1	0.006	5.7279	4.3637
cace-sea-lr	124	4	4	0	0.1	0.008	7.1164	3.6038
cace-sea-lr	125	4	5	0	0.1	0.01	15.8721	47.0499
cace-sea-lr	126	4	6	0	0.1	0.01	15.3714	11.224
cace-sea-lr	127	4	7	0	0.1	0.01	8.3	7.9472
cace-sea-lr	128	4	8	0	0.1	0.01	5.0759	3.2537
cace-sea-lr	129	4	9	0	0.1	0.01	15.602	8.2009
cace-sea-lr	130	4	10	0	0.1	0.01	17.2351	10.074
cace-sea-lr	131	4	11	0	0.1	0.01	12.5329	5.8496
cace-sea-lr	132	4	12	0	0.1	0.01	5.108	5.2042
cace-sea-lr	133	4	13	0	0.1	0.01	6.0589	6.4809
cace-sea-lr	134	4	14	0	0.1	0.01	9.2276	9.6082
cace-sea-lr	135	4	15	0	0.1	0.01	12.5936	9.6812
cace-sea-lr	136	4	16	0	0.1	0.01	6.8824	11.7151
cace-sea-lr	137	4	17	0	0.1	0.01	9.1423	12.1345
cace-sea-lr	138	4	18	0	0.1	0.01	14.686	5.2712
cace-sea-lr	139	4	19	0	0.1	0.01	5.9243	11.9829
cace-sea-lr	140	4	20	0	0.1	0.01	17.8298	51.8433
cace-sea-lr	141	4	21	0	0.1	0.005	26.6315	11.6685
cace-sea-lr	142	4	22	0	0.1	0.005	5.7843	3.0371
cace-sea-lr	143	4	23	0	0.1	0.005	5.8919	7.3654
cace-sea-lr	144	4	24	0	0.1	0.005	3.5657	3.1408
cace-sea-lr	145	4	25	0	0.1	0.005	3.342	3.1297
cace-sea-lr	146	4	26	0	0.1	0.005	4.7435	5.2643
cace-sea-lr	147	4	27	0	0.1	0.005	3.8722	4.0219
cace-sea-lr	148	4	28	0	0.1	0.005	3.5122	4.2099
cace-sea-lr	149	4	29	0	0.1	0.005	5.9802	4.8079
cace-sea-lr	150	4	30	0	0.1	0.005	5.6005	3.6891
cace-sea-lr	151	4	31	0	0.1	0.005	3.2599	6.5104
cace-sea-lr	152	4	32	0	0.1	0.005	6.4179	8.6363
cace-sea-lr	153	4	33	0	0.1	0.005	9.405	14.4751
cace-sea-lr	154	4	34	0	0.1	0.005	6.9072	17.3294
cace-sea-lr	155	4	35	0	0.1	0.005	11.1449	16.429
cace-sea-lr	156	4	36	0	0.1	0.005	11.9065	13.8474
cace-sea-lr	157	4	37	0	0.1	0.005	5.1055	2.4687
cace-sea-lr	158	4	38	0	0.1	0.005	3.9398	11.2233
cace-sea-lr	159	4	39	0	0.1	0.005	4.8722	2.2449
cace-sea-lr	160	4	40	0	0.1	0.005	4.6754	4.4231
cace-sea-lr	161	5	1	0	0.1	0.002	9.8447	3.175
cace-sea-lr	162	5	2	0	0.1	0.004	3.2322	2.8745
cace-sea-lr	163	5	3	0	0.1	0.006	9.3658	7.0654
cace-sea-lr	164	5	4	0	0.1	0.008	10.7201	5.4389
cace-sea-lr	165	5	5	0	0.1	0.01	10.9932	8.1781
cace-sea-lr	166	5	6	0	0.1	0.01	10.2656	5.7321
cace-sea-lr	167	5	7	0	0.1	0.01	13.1556	38.4387
cace-sea-lr	168	5	8	0	0.1	0.01	14.8852	6.2796
cace-sea-lr	169	5	9	0	0.1	0.01	14.5969	5.9536
cace-sea-lr	170	5	10	0	0.1	0.01	22.3454	16.9511
cace-sea-lr	171	5	11	0	0.1	0.01	9.1491	7.4611
cace-sea-lr	172	5	12	0	0.1	0.01	8.4246	15.9026
cace-sea-lr	173	5	13	0	0.1	0.01	14.2189	13.5949
cace-sea-lr	174	5	14	0	0.1	0.01	6.9972	9.1554
cace-sea-lr	175	5	15	0	0.1	0.01	9.6412	10.8508
cace-sea-lr	176	5	16	0	0.1	0.01	10.1248	14.2378
cace-sea-lr	177	5	17	0	0.1	0.01	11.4583	34.1107
cace-sea-lr	178	5	18	0	0.1	0.01	16.9194	4.9731
cace-sea-lr	179	5	19	0	0.1	0.01	6.3652	4.0632
cace-sea-lr	180	5	20	0	0.1	0.01	6.2673	8.392
cace-sea-lr	181	5	21	0	0.1	0.005	6.6677	6.4302
cace-sea-lr	182	5	22	0	0.1	0.005	5.6733	2.7662
cace-sea-lr	183	5	23	0	0.1	0.005	3.6051	3.4581
cace-sea-lr	184	5	24	0	0.1	0.005	5.327	4.3217
cace-sea-lr	185	5	25	0	0.1	0.005	4.962	2.2439
cace-sea-lr	186	5	26	0	0.1	0.005	5.3465	2.812
cace-sea-lr	187	5	27	0	0.1	0.005	4.7658	4.18
cace-sea-lr	188	5	28	0	0.1	0.005	3.2012	3.886
cace-sea-lr	189	5	29	0	0.1	0.005	3.1892	2.6096
cace-sea-lr	190	5	30	0	0.1	0.005	2.9026	4.0553
cace-sea-lr	191	5	31	0	0.1	0.005	3.6563	3.1852
cace-sea-lr	192	5	32	0	0.1	0.005	6.3287	3.1756
cace-sea-lr	193	5	33	0	0.1	0.005	4.6836	6.8203
cace-sea-lr	194	5	34	0	0.1	0.005	3.5941	3.4948
cace-sea-lr	195	5	35	0	0.1	0.005	5.2304	3.9183
cace-sea-lr	196	5	36	0	0.1	0.005	3.6476	2.223
cace-sea-lr	197	5	37	0	0.1	0.005	3.8581	2.3541
cace-sea-lr	198	5	38	0	0.1	0.005	2.7607	2.3192
cace-sea-lr	199	5	39	0	0.1	0.005	3.2302	3.5692
cace-sea-lr	200	5	40	0	0.1	0.005	3.0001	4.2221
cace-sea-lr	201	1	1	1	1.0	0.0025	3.7221	4.5902
cace-sea-lr	202	1	2	1	1.0	0.0025	6.6769	8.4462
cace-sea-lr	203	1	3	1	1.0	0.0025	8.8985	9.078
cace-sea-lr	204	1	4	1	1.0	0.0025	7.7559	7.3488
cace-sea-lr	205	1	5	1	1.0	0.0025	5.389	5.3405
cace-sea-lr	206	1	6	1	1.0	0.0025	4.1057	3.8226
cace-sea-lr	207	1	7	1	1.0	0.0025	3.3882	3.5207
cace-sea-lr	208	1	8	1	1.0	0.0025	2.9348	3.1654
cace-sea-lr	209	1	9	1	1.0	0.0025	2.6799	2.4382
cace-sea-lr	210	1	10	1	1.0	0.0025	2.1614	2.3626
cace-sea-lr	211	1	11	1	1.0	0.0025	2.1725	2.07
cace-sea-lr	212	1	12	1	1.0	0.0025	2.2353	2.6529
cace-sea-lr	213	1	13	1	1.0	0.0025	2.6126	3.1054
cace-sea-lr	214	1	14	1	1.0	0.0025	2.767	2.167
cace-sea-lr	215	1	15	1	1.0	0.0025	2.9216	3.6865
cace-sea-lr	216	1	16	1	1.0	0.0025	2.5831	3.2172
cace-sea-lr	217	1	17	1	1.0	0.0025	2.2106	2.3418
cace-sea-lr	218	1	18	1	1.0	0.0025	2.1532	2.2452
cace-sea-lr	219	1	19	1	1.0	0.0025	2.455	2.7941
cace-sea-lr	220	1	20	1	1.0	0.0025	2.4167	2.5255
cace-sea-lr	221	1	21	1	1.0	0.00125	2.0769	2.0832
cace-sea-lr	222	1	22	1	1.0	0.00125	1.8137	1.8523
cace-sea-lr	223	1	23	1	1.0	0.00125	2.0753	2.79
cace-sea-lr	224	1	24	1	1.0	0.00125	2.2134	2.557
cace-sea-lr	225	1	25	1	1.0	0.00125	2.3419	2.2066
cace-sea-lr	226	1	26	1	1.0	0.00125	2.0606	1.8744
cace-sea-lr	227	1	27	1	1.0	0.00125	1.9566	1.9405
cace-sea-lr	228	1	28	1	1.0	0.00125	2.0245	2.1533
cace-sea-lr	229	1	29	1	1.0	0.00125	1.9166	1.8672
cace-sea-lr	230	1	30	1	1.0	0.00125	1.8137	1.9231
cace-sea-lr	231	1	31	1	1.0	0.00125	2.0782	2.0439
cace-sea-lr	232	1	32	1	1.0	0.00125	2.2143	2.0666
cace-sea-lr	233	1	33	1	1.0	0.00125	1.9945	1.9755
cace-sea-lr	234	1	34	1	1.0	0.00125	1.8672	2.2321
cace-sea-lr	235	1	35	1	1.0	0.00125	2.2512	2.6675
cace-sea-lr	236	1	36	1	1.0	0.00125	2.3204	2.5081
cace-sea-lr	237	1	37	1	1.0	0.00125	2.1537	2.1759
cace-sea-lr	238	1	38	1	1.0	0.00125	2.0219	2.1009
cace-sea-lr	239	1	39	1	1.0	0.00125	2.0782	2.1268
cace-sea-lr	240	1	40	1	1.0	0.00125	1.8948	1.8471
cace-sea-lr	241	1	41	1	1.0	0.000625	1.8772	1.7313
cace-sea-lr	242	1	42	1	1.0	0.000625	1.7486	1.7575
cace-sea-lr	243	1	43	1	1.0	0.000625	1.7467	1.9703
cace-sea-lr	244	1	44	1	1.0	0.000625	1.7746	1.8133
cace-sea-lr	245	1	45	1	1.0	0.000625	1.7967	2.0108
cace-sea-lr	246	1	46	1	1.0	0.000625	1.8834	1.8013
cace-sea-lr	247	1	47	1	1.0	0.000625	1.697	1.9191
cace-sea-lr	248	1	48	1	1.0	0.000625	1.6338	1.7422
cace-sea-lr	249	1	49	1	1.0	0.000625	1.6871	1.7282
cace-sea-lr	250	1	50	1	1.0	0.000625	1.6587	1.7252
cace-sea-lr	251	1	51	1	1.0	0.000625	1.635	1.6959
cace-sea-lr	252	1	52	1	1.0	0.000625	1.6645	1.7128
cace-sea-lr	253	1	53	1	1.0	0.000625	1.6258	1.6752
cace-sea-lr	254	1	54	1	1.0	0.000625	1.6262	1.7529
cace-sea-lr	255	1	55	1	1.0	0.000625	1.6894	1.7892
cace-sea-lr	256	1	56	1	1.0	0.000625	1.6319	1.7061
cace-sea-lr	257	1	57	1	1.0	0.000625	1.6127	1.7302
cace-sea-lr	258	1	58	1	1.0	0.000625	1.6439	1.7087
cace-sea-lr	259	1	59	1	1.0	0.000625	1.6943	1.9344
cace-sea-lr	260	1	60	1	1.0	0.000625	1.7049	1.6756
cace-sea-lr	261	1	61	1	1.0	0.0003125	1.6104	1.8064
cace-sea-lr	262	1	62	1	1.0	0.0003125	1.6107	1.6573
cace-sea-lr	263	1	63	1	1.0	0.0003125	1.5737	1.6528
cace-sea-lr	264	1	64	1	1.0	0.0003125	1.5922	1.7662
cace-sea-lr	265	1	65	1	1.0	0.0003125	1.6167	1.6414
cace-sea-lr	266	1	66	1	1.0	0.0003125	1.5527	1.6639
cace-sea-lr	267	1	67	1	1.0	0.0003125	1.554	1.6892
cace-sea-lr	268	1	68	1	1.0	0.0003125	1.5811	1.6874
cace-sea-lr	269	1	69	1	1.0	0.0003125	1.5657	1.6869
cace-sea-lr	270	1	70	1	1.0	0.0003125	1.5516	1.6425
cace-sea-lr	271	1	71	1	1.0	0.0003125	1.5738	1.7248
cace-sea-lr	272	1	72	1	1.0	0.0003125	1.5884	1.6987
cace-sea-lr	273	1	73	1	1.0	0.0003125	1.5564	1.6596
cace-sea-lr	274	1	74	1	1.0	0.0003125	1.5524	1.6312
cace-sea-lr	275	1	75	1	1.0	0.0003125	1.5659	1.7306
cace-sea-lr	276	1	76	1	1.0	0.0003125	1.5998	1.6485
cace-sea-lr	277	1	77	1	1.0	0.0003125	1.5703	1.6933
cace-sea-lr	278	1	78	1	1.0	0.0003125	1.5586	1.6334
cace-sea-lr	279	1	79	1	1.0	0.0003125	1.5475	1.6535
cace-sea-lr	280	1	80	1	1.0	0.0003125	1.5626	1.6582
cace-sea-lr	281	1	81	1	1.0	0.00015625	1.5272	1.6405
cace-sea-lr	282	1	82	1	1.0	0.00015625	1.5202	1.622
cace-sea-lr	283	1	83	1	1.0	0.00015625	1.5292	1.6303
cace-sea-lr	284	1	84	1	1.0	0.00015625	1.5237	1.6544
cace-sea-lr	285	1	85	1	1.0	0.00015625	1.5253	1.6585
cace-sea-lr	286	1	86	1	1.0	0.00015625	1.5459	1.6695
cace-sea-lr	287	1	87	1	1.0	0.00015625	1.5694	1.6483
cace-sea-lr	288	1	88	1	1.0	0.00015625	1.539	1.6236
cace-sea-lr	289	1	89	1	1.0	0.00015625	1.5356	1.6618
cace-sea-lr	290	1	90	1	1.0	0.00015625	1.5883	1.8042
cace-sea-lr	291	1	91	1	1.0	0.00015625	1.6034	1.6851
cace-sea-lr	292	1	92	1	1.0	0.00015625	1.5616	1.6766
cace-sea-lr	293	1	93	1	1.0	0.00015625	1.5476	1.7059
cace-sea-lr	294	1	94	1	1.0	0.00015625	1.5284	1.6142
cace-sea-lr	295	1	95	1	1.0	0.00015625	1.5283	1.5981
cace-sea-lr	296	1	96	1	1.0	0.00015625	1.5045	1.6239
cace-sea-lr	297	1	97	1	1.0	0.00015625	1.5185	1.6065
cace-sea-lr	298	1	98	1	1.0	0.00015625	1.5486	1.6614
cace-sea-lr	299	1	99	1	1.0	0.00015625	1.4992	1.6124
cace-sea-lr	300	1	100	1	1.0	0.00015625	1.4984	1.6212
cace-sea-lr	301	1	1	2	10.0	7.8125e-05	1.5941	1.7874
cace-sea-lr	302	1	2	2	10.0	7.8125e-05	1.6669	1.6711
cace-sea-lr	303	1	3	2	10.0	7.8125e-05	1.6111	1.6605
cace-sea-lr	304	1	4	2	10.0	7.8125e-05	1.7195	3.008
cace-sea-lr	305	1	5	2	10.0	7.8125e-05	1.8271	1.6558
cace-sea-lr	306	1	6	2	10.0	7.8125e-05	1.699	1.6823
cace-sea-lr	307	1	7	2	10.0	7.8125e-05	1.7762	1.6704
cace-sea-lr	308	1	8	2	10.0	7.8125e-05	1.6016	1.7205
cace-sea-lr	309	1	9	2	10.0	7.8125e-05	1.5789	1.6596
cace-sea-lr	310	1	10	2	10.0	7.8125e-05	1.6194	1.6839
cace-sea-lr	311	1	11	2	10.0	7.8125e-05	1.7022	1.7124
cace-sea-lr	312	1	12	2	10.0	7.8125e-05	1.616	1.6575
cace-sea-lr	313	1	13	2	10.0	7.8125e-05	1.5534	1.6535
cace-sea-lr	314	1	14	2	10.0	7.8125e-05	1.5638	1.6941
cace-sea-lr	315	1	15	2	10.0	7.8125e-05	1.8008	2.1754
cace-sea-lr	316	1	16	2	10.0	7.8125e-05	1.6928	1.6969
cace-sea-lr	317	1	17	2	10.0	7.8125e-05	1.588	1.7626
cace-sea-lr	318	1	18	2	10.0	7.8125e-05	1.7898	1.855
cace-sea-lr	319	1	19	2	10.0	7.8125e-05	1.6957	1.6638
cace-sea-lr	320	1	20	2	10.0	7.8125e-05	1.6575	1.6527
cace-sea-lr	321	1	21	2	10.0	3.90625e-05	1.5484	1.69
cace-sea-lr	322	1	22	2	10.0	3.90625e-05	1.5559	1.6579
cace-sea-lr	323	1	23	2	10.0	3.90625e-05	1.6439	1.6973
cace-sea-lr	324	1	24	2	10.0	3.90625e-05	1.633	1.8785
cace-sea-lr	325	1	25	2	10.0	3.90625e-05	1.5745	1.6529
cace-sea-lr	326	1	26	2	10.0	3.90625e-05	1.6019	1.7788
cace-sea-lr	327	1	27	2	10.0	3.90625e-05	1.6004	1.8232
cace-sea-lr	328	1	28	2	10.0	3.90625e-05	1.7134	2.1055
cace-sea-lr	329	1	29	2	10.0	3.90625e-05	1.7191	1.7391
cace-sea-lr	330	1	30	2	10.0	3.90625e-05	1.582	1.7505
cace-sea-lr	331	1	31	2	10.0	3.90625e-05	1.6698	1.7291
cace-sea-lr	332	1	32	2	10.0	3.90625e-05	1.5602	1.7083
cace-sea-lr	333	1	33	2	10.0	3.90625e-05	1.5488	1.6665
cace-sea-lr	334	1	34	2	10.0	3.90625e-05	1.6269	1.702
cace-sea-lr	335	1	35	2	10.0	3.90625e-05	1.5707	1.68
cace-sea-lr	336	1	36	2	10.0	3.90625e-05	1.5494	1.6707
cace-sea-lr	337	1	37	2	10.0	3.90625e-05	1.5801	1.655
cace-sea-lr	338	1	38	2	10.0	3.90625e-05	1.5554	1.6657
cace-sea-lr	339	1	39	2	10.0	3.90625e-05	1.559	1.6904
cace-sea-lr	340	1	40	2	10.0	3.90625e-05	1.5508	1.6571
cace-sea-lr	341	1	41	2	10.0	1.95313e-05	1.5429	1.6494
cace-sea-lr	342	1	42	2	10.0	1.95313e-05	1.5322	1.6506
cace-sea-lr	343	1	43	2	10.0	1.95313e-05	1.5401	1.6507
cace-sea-lr	344	1	44	2	10.0	1.95313e-05	1.5404	1.7167
cace-sea-lr	345	1	45	2	10.0	1.95313e-05	1.5417	1.6545
cace-sea-lr	346	1	46	2	10.0	1.95313e-05	1.5463	1.7254
cace-sea-lr	347	1	47	2	10.0	1.95313e-05	1.5821	1.7299
cace-sea-lr	348	1	48	2	10.0	1.95313e-05	1.5687	1.698
cace-sea-lr	349	1	49	2	10.0	1.95313e-05	1.5522	1.6621
cace-sea-lr	350	1	50	2	10.0	1.95313e-05	1.6263	1.6968
cace-sea-lr	351	1	51	2	10.0	1.95313e-05	1.5488	1.6596
cace-sea-lr	352	1	52	2	10.0	1.95313e-05	1.5434	1.6727
cace-sea-lr	353	1	53	2	10.0	1.95313e-05	1.5338	1.6526
cace-sea-lr	354	1	54	2	10.0	1.95313e-05	1.5373	1.654
cace-sea-lr	355	1	55	2	10.0	1.95313e-05	1.5496	1.6875
cace-sea-lr	356	1	56	2	10.0	1.95313e-05	1.5504	1.6541
cace-sea-lr	357	1	57	2	10.0	1.95313e-05	1.5511	1.6515
cace-sea-lr	358	1	58	2	10.0	1.95313e-05	1.5338	1.6497
cace-sea-lr	359	1	59	2	10.0	1.95313e-05	1.5638	1.7186
cace-sea-lr	360	1	60	2	10.0	1.95313e-05	1.5991	1.6526
cace-sea-lr	361	1	61	2	10.0	9.76563e-06	1.5655	1.7087
cace-sea-lr	362	1	62	2	10.0	9.76563e-06	1.5408	1.7319
cace-sea-lr	363	1	63	2	10.0	9.76563e-06	1.5435	1.6876
cace-sea-lr	364	1	64	2	10.0	9.76563e-06	1.5608	1.6763
cace-sea-lr	365	1	65	2	10.0	9.76563e-06	1.5358	1.653
cace-sea-lr	366	1	66	2	10.0	9.76563e-06	1.5283	1.661
cace-sea-lr	367	1	67	2	10.0	9.76563e-06	1.5331	1.6559
cace-sea-lr	368	1	68	2	10.0	9.76563e-06	1.5345	1.6511
cace-sea-lr	369	1	69	2	10.0	9.76563e-06	1.5323	1.653
cace-sea-lr	370	1	70	2	10.0	9.76563e-06	1.5391	1.6498
cace-sea-lr	371	1	71	2	10.0	9.76563e-06	1.5362	1.6481
cace-sea-lr	372	1	72	2	10.0	9.76563e-06	1.548	1.6464
cace-sea-lr	373	1	73	2	10.0	9.76563e-06	1.5388	1.6641
cace-sea-lr	374	1	74	2	10.0	9.76563e-06	1.5361	1.666
cace-sea-lr	375	1	75	2	10.0	9.76563e-06	1.5429	1.6501
cace-sea-lr	376	1	76	2	10.0	9.76563e-06	1.5258	1.6474
cace-sea-lr	377	1	77	2	10.0	9.76563e-06	1.5341	1.6548
cace-sea-lr	378	1	78	2	10.0	9.76563e-06	1.5416	1.6466
cace-sea-lr	379	1	79	2	10.0	9.76563e-06	1.5372	1.7041
cace-sea-lr	380	1	80	2	10.0	9.76563e-06	1.54	1.6735
cace-sea-lr	381	1	81	2	10.0	4.88281e-06	1.5301	1.6476
cace-sea-lr	382	1	82	2	10.0	4.88281e-06	1.5239	1.6459
cace-sea-lr	383	1	83	2	10.0	4.88281e-06	1.5248	1.6483
cace-sea-lr	384	1	84	2	10.0	4.88281e-06	1.5255	1.6527
cace-sea-lr	385	1	85	2	10.0	4.88281e-06	1.5288	1.6606
cace-sea-lr	386	1	86	2	10.0	4.88281e-06	1.5326	1.6709
cace-sea-lr	387	1	87	2	10.0	4.88281e-06	1.528	1.6588
cace-sea-lr	388	1	88	2	10.0	4.88281e-06	1.5302	1.6474
cace-sea-lr	389	1	89	2	10.0	4.88281e-06	1.5282	1.6517
cace-sea-lr	390	1	90	2	10.0	4.88281e-06	1.5247	1.6478
cace-sea-lr	391	1	91	2	10.0	4.88281e-06	1.5296	1.6871
cace-sea-lr	392	1	92	2	10.0	4.88281e-06	1.5308	1.6536
cace-sea-lr	393	1	93	2	10.0	4.88281e-06	1.5265	1.6505
cace-sea-lr	394	1	94	2	10.0	4.88281e-06	1.5278	1.6541
cace-sea-lr	395	1	95	2	10.0	4.88281e-06	1.5245	1.6491
cace-sea-lr	396	1	96	2	10.0	4.88281e-06	1.5364	1.6495
cace-sea-lr	397	1	97	2	10.0	4.88281e-06	1.5261	1.6535
cace-sea-lr	398	1	98	2	10.0	4.88281e-06	1.5327	1.6635
cace-sea-lr	399	1	99	2	10.0	4.88281e-06	1.5263	1.6529
cace-sea-lr	400	1	100	2	10.0	4.88281e-06	1.5265	1.6576
cace-sea-lr	401	1	1	3	1000.0	2.44141e-06	7.8195	8.9907
cace-sea-lr	402	1	2	3	1000.0	2.44141e-06	7.6404	9.2412
cace-sea-lr	403	1	3	3	1000.0	2.44141e-06	7.534	8.4704
cace-sea-lr	404	1	4	3	1000.0	2.44141e-06	7.5409	8.9177
cace-sea-lr	405	1	5	3	1000.0	2.44141e-06	7.4469	8.3974
cace-sea-lr	406	1	6	3	1000.0	2.44141e-06	7.885	8.3747
cace-sea-lr	407	1	7	3	1000.0	2.44141e-06	7.4526	8.3429
cace-sea-lr	408	1	8	3	1000.0	2.44141e-06	7.7655	8.5643
cace-sea-lr	409	1	9	3	1000.0	2.44141e-06	7.4287	9.0202
cace-sea-lr	410	1	10	3	1000.0	2.44141e-06	7.6613	9.1022
cace-sea-lr	411	1	11	3	1000.0	2.44141e-06	7.7575	8.6465
cace-sea-lr	412	1	12	3	1000.0	2.44141e-06	7.6779	8.8958
cace-sea-lr	413	1	13	3	1000.0	2.44141e-06	7.707	8.9803
cace-sea-lr	414	1	14	3	1000.0	2.44141e-06	8.07	8.6703
cace-sea-lr	415	1	15	3	1000.0	2.44141e-06	7.814	8.6211
cace-sea-lr	416	1	16	3	1000.0	2.44141e-06	7.5581	9.4396
cace-sea-lr	417	1	17	3	1000.0	2.44141e-06	7.8318	10.4951
cace-sea-lr	418	1	18	3	1000.0	2.44141e-06	7.7946	8.3279
cace-sea-lr	419	1	19	3	1000.0	2.44141e-06	7.4508	9.1286
cace-sea-lr	420	1	20	3	1000.0	2.44141e-06	7.5465	8.6848
cace-sea-lr	421	1	21	3	1000.0	1.2207e-06	7.3196	8.92
cace-sea-lr	422	1	22	3	1000.0	1.2207e-06	7.4339	8.3285
cace-sea-lr	423	1	23	3	1000.0	1.2207e-06	7.5523	9.446
cace-sea-lr	424	1	24	3	1000.0	1.2207e-06	7.3613	8.3174
cace-sea-lr	425	1	25	3	1000.0	1.2207e-06	7.4398	8.433
cace-sea-lr	426	1	26	3	1000.0	1.2207e-06	7.3616	8.7603
cace-sea-lr	427	1	27	3	1000.0	1.2207e-06	7.4944	8.5273
cace-sea-lr	428	1	28	3	1000.0	1.2207e-06	7.8314	8.3188
cace-sea-lr	429	1	29	3	1000.0	1.2207e-06	7.518	9.5989
cace-sea-lr	430	1	30	3	1000.0	1.2207e-06	7.3167	8.8338
cace-sea-lr	431	1	31	3	1000.0	1.2207e-06	7.3646	8.4787
cace-sea-lr	432	1	32	3	1000.0	1.2207e-06	7.3394	8.6414
cace-sea-lr	433	1	33	3	1000.0	1.2207e-06	7.6825	8.3209
cace-sea-lr	434	1	34	3	1000.0	1.2207e-06	7.4263	8.4505
cace-sea-lr	435	1	35	3	1000.0	1.2207e-06	7.3334	9.0675
cace-sea-lr	436	1	36	3	1000.0	1.2207e-06	7.4708	9.2695
cace-sea-lr	437	1	37	3	1000.0	1.2207e-06	7.4644	8.7492
cace-sea-lr	438	1	38	3	1000.0	1.2207e-06	7.5183	8.5837
cace-sea-lr	439	1	39	3	1000.0	1.2207e-06	7.4723	8.3902
cace-sea-lr	440	1	40	3	1000.0	1.2207e-06	7.5642	8.5757
cace-sea-lr	441	1	41	3	1000.0	6.10352e-07	7.4631	8.4219
cace-sea-lr	442	1	42	3	1000.0	6.10352e-07	7.4514	8.8045
cace-sea-lr	443	1	43	3	1000.0	6.10352e-07	7.3675	8.3363
cace-sea-lr	444	1	44	3	1000.0	6.10352e-07	7.5002	9.5865
cace-sea-lr	445	1	45	3	1000.0	6.10352e-07	7.4431	8.3514
cace-sea-lr	446	1	46	3	1000.0	6.10352e-07	7.3861	8.7914
cace-sea-lr	447	1	47	3	1000.0	6.10352e-07	7.4035	8.563
cace-sea-lr	448	1	48	3	1000.0	6.10352e-07	7.3589	8.383
cace-sea-lr	449	1	49	3	1000.0	6.10352e-07	7.3394	8.4112
cace-sea-lr	450	1	50	3	1000.0	6.10352e-07	7.5216	8.5499
cace-sea-lr	451	1	51	3	1000.0	6.10352e-07	7.3672	8.6546
cace-sea-lr	452	1	52	3	1000.0	6.10352e-07	7.3691	8.4666
cace-sea-lr	453	1	53	3	1000.0	6.10352e-07	7.396	8.6051
cace-sea-lr	454	1	54	3	1000.0	6.10352e-07	7.3404	8.722
cace-sea-lr	455	1	55	3	1000.0	6.10352e-07	7.4197	8.3157
cace-sea-lr	456	1	56	3	1000.0	6.10352e-07	7.3847	8.6729
cace-sea-lr	457	1	57	3	1000.0	6.10352e-07	7.4588	8.4958
cace-sea-lr	458	1	58	3	1000.0	6.10352e-07	7.3921	8.5821
cace-sea-lr	459	1	59	3	1000.0	6.10352e-07	7.289	8.4611
cace-sea-lr	460	1	60	3	1000.0	6.10352e-07	7.282	8.9118
cace-sea-lr	461	1	61	3	1000.0	3.05176e-07	7.3268	8.5757
cace-sea-lr	462	1	62	3	1000.0	3.05176e-07	7.2492	8.6139
cace-sea-lr	463	1	63	3	1000.0	3.05176e-07	7.2969	8.7668
cace-sea-lr	464	1	64	3	1000.0	3.05176e-07	7.33	8.6662
cace-sea-lr	465	1	65	3	1000.0	3.05176e-07	7.2535	8.4705
cace-sea-lr	466	1	66	3	1000.0	3.05176e-07	7.2634	8.6481
cace-sea-lr	467	1	67	3	1000.0	3.05176e-07	7.2999	8.5893
cace-sea-lr	468	1	68	3	1000.0	3.05176e-07	7.3067	8.3923
cace-sea-lr	469	1	69	3	1000.0	3.05176e-07	7.2934	8.6926
cace-sea-lr	470	1	70	3	1000.0	3.05176e-07	7.2563	8.5599
cace-sea-lr	471	1	71	3	1000.0	3.05176e-07	7.2706	8.5507
cace-sea-lr	472	1	72	3	1000.0	3.05176e-07	7.2575	8.4932
cace-sea-lr	473	1	73	3	1000.0	3.05176e-07	7.2497	8.4833
cace-sea-lr	474	1	74	3	1000.0	3.05176e-07	7.2367	8.5959
cace-sea-lr	475	1	75	3	1000.0	3.05176e-07	7.2557	8.5802
cace-sea-lr	476	1	76	3	1000.0	3.05176e-07	7.2432	8.504
cace-sea-lr	477	1	77	3	1000.0	3.05176e-07	7.2396	8.6591
cace-sea-lr	478	1	78	3	1000.0	3.05176e-07	7.284	8.6507
cace-sea-lr	479	1	79	3	1000.0	3.05176e-07	7.2447	8.4616
cace-sea-lr	480	1	80	3	1000.0	3.05176e-07	7.3202	8.6639
cace-sea-lr	481	1	81	3	1000.0	1.52588e-07	7.2586	8.6654
cace-sea-lr	482	1	82	3	1000.0	1.52588e-07	7.2481	8.5599
cace-sea-lr	483	1	83	3	1000.0	1.52588e-07	7.2319	8.4734
cace-sea-lr	484	1	84	3	1000.0	1.52588e-07	7.25	8.4278
cace-sea-lr	485	1	85	3	1000.0	1.52588e-07	7.24	8.4719
cace-sea-lr	486	1	86	3	1000.0	1.52588e-07	7.2411	8.6446
cace-sea-lr	487	1	87	3	1000.0	1.52588e-07	7.2665	8.699
cace-sea-lr	488	1	88	3	1000.0	1.52588e-07	7.2476	8.6038
cace-sea-lr	489	1	89	3	1000.0	1.52588e-07	7.2537	8.7026
cace-sea-lr	490	1	90	3	1000.0	1.52588e-07	7.2751	8.5828
cace-sea-lr	491	1	91	3	1000.0	1.52588e-07	7.2441	8.5902
cace-sea-lr	492	1	92	3	1000.0	1.52588e-07	7.2376	8.5238
cace-sea-lr	493	1	93	3	1000.0	1.52588e-07	7.2622	8.3993
cace-sea-lr	494	1	94	3	1000.0	1.52588e-07	7.2364	8.5536
cace-sea-lr	495	1	95	3	1000.0	1.52588e-07	7.2411	8.6347
cace-sea-lr	496	1	96	3	1000.0	1.52588e-07	7.3177	8.778
cace-sea-lr	497	1	97	3	1000.0	1.52588e-07	7.243	8.5917
cace-sea-lr	498	1	98	3	1000.0	1.52588e-07	7.2349	8.4518
cace-sea-lr	499	1	99	3	1000.0	1.52588e-07	7.2651	8.714
cace-sea-lr	500	1	100	3	1000.0	1.52588e-07	7.2536	8.4572
cace-sea-sr	1	1	1	0	0.1	0.002	502.283	279.61
cace-sea-sr	2	1	2	0	0.1	0.004	236.641	77.394
cace-sea-sr	3	1	3	0	0.1	0.006	80.956	48.2405
cace-sea-sr	4	1	4	0	0.1	0.008	47.4125	54.7251
cace-sea-sr	5	1	5	0	0.1	0.01	41.7505	41.3484
cace-sea-sr	6	1	6	0	0.1	0.01	116.917	142.09
cace-sea-sr	7	1	7	0	0.1	0.01	54.9596	24.0142
cace-sea-sr	8	1	8	0	0.1	0.01	36.0846	17.4876
cace-sea-sr	9	1	9	0	0.1	0.01	76.375	53.9884
cace-sea-sr	10	1	10	0	0.1	0.01	37.5883	28.9822
cace-sea-sr	11	1	11	0	0.1	0.01	35.3912	14.6104
cace-sea-sr	12	1	12	0	0.1	0.01	32.9584	32.965
cace-sea-sr	13	1	13	0	0.1	0.01	21.2419	14.7509
cace-sea-sr	14	1	14	0	0.1	0.01	24.1192	31.535
cace-sea-sr	15	1	15	0	0.1	0.01	30.6154	16.3895
cace-sea-sr	16	1	16	0	0.1	0.01	28.475	63.1127
cace-sea-sr	17	1	17	0	0.1	0.01	68.5801	32.4009
cace-sea-sr	18	1	18	0	0.1	0.01	20.4487	12.8257
cace-sea-sr	19	1	19	0	0.1	0.01	15.1621	24.7851
cace-sea-sr	20	1	20	0	0.1	0.01	26.5648	17.5422
cace-sea-sr	21	1	21	0	0.1	0.005	10.1284	8.9751
cace-sea-sr	22	1	22	0	0.1	0.005	13.6518	11.2114
cace-sea-sr	23	1	23	0	0.1	0.005	9.8892	8.5212
cace-sea-sr	24	1	24	0	0.1	0.005	9.0008	8.8033
cace-sea-sr	25	1	25	0	0.1	0.005	9.3354	5.6167
cace-sea-sr	26	1	26	0	0.1	0.005	9.9674	13.2943
cace-sea-sr	27	1	27	0	0.1	0.005	9.2035	7.8131
cace-sea-sr	28	1	28	0	0.1	0.005	6.8765	6.9113
cace-sea-sr	29	1	29	0	0.1	0.005	6.8857	6.4327
cace-sea-sr	30	1	30	0	0.1	0.005	6.9523	6.8904
cace-sea-sr	31	1	31	0	0.1	0.005	7.3763	8.388
cace-sea-sr	32	1	32	0	0.1	0.005	8.7866	28.3577
cace-sea-sr	33	1	33	0	0.1	0.005	11.3914	11.5979
cace-sea-sr	34	1	34	0	0.1	0.005	9.8183	8.6784
cace-sea-sr	35	1	35	0	0.1	0.005	10.5039	11.5886
cace-sea-sr	36	1	36	0	0.1	0.005	11.4682	15.7706
cace-sea-sr	37	1	37	0	0.1	0.005	14.2439	5.4667
cace-sea-sr	38	1	38	0	0.1	0.005	9.8248	35.6339
cace-sea-sr	39	1	39	0	0.1	0.005	13.3912	25.017
cace-sea-sr	40	1	40	0	0.1	0.005	10.127	14.0396
cace-sea-sr	41	2	1	0	0.1	0.002	12.6434	4.6259
cace-sea-sr	42	2	2	0	0.1	0.004	6.2086	9.5541
cace-sea-sr	43	2	3	0	0.1	0.006	9.5015	6.2081
cace-sea-sr	44	2	4	0	0.1	0.008	12.991	12.219
cace-sea-sr	45	2	5	0	0.1	0.01	27.7271	12.9403
cace-sea-sr	46	2	6	0	0.1	0.01	20.8635	44.7073
cace-sea-sr	47	2	7	0	0.1	0.01	28.9617	36.321
cace-sea-sr	48	2	8	0	0.1	0.01	26.48	11.3923
cace-sea-sr	49	2	9	0	0.1	0.01	11.445	9.8393
cace-sea-sr	50	2	10	0	0.1	0.01	34.4747	13.3132
cace-sea-sr	51	2	11	0	0.1	0.01	29.9267	11.0428
cace-sea-sr	52	2	12	0	0.1	0.01	45.0281	122.178
cace-sea-sr	53	2	13	0	0.1	0.01	32.1799	6.6638
cace-sea-sr	54	2	14	0	0.1	0.01	24.6229	12.8687
cace-sea-sr	55	2	15	0	0.1	0.01	12.6191	20.2518
cace-sea-sr	56	2	16	0	0.1	0.01	18.8041	25.2612
cace-sea-sr	57	2	17	0	0.1	0.01	18.4992	8.5699
cace-sea-sr	58	2	18	0	0.1	0.01	10.9118	9.4769
cace-sea-sr	59	2	19	0	0.1	0.01	19.8002	14.5794
cace-sea-sr	60	2	20	0	0.1	0.01	19.3759	12.1763
cace-sea-sr	61	2	21	0	0.1	0.005	12.5263	9.1102
cace-sea-sr	62	2	22	0	0.1	0.005	7.238	8.0462
cace-sea-sr	63	2	23	0	0.1	0.005	7.7835	4.5334
cace-sea-sr	64	2	24	0	0.1	0.005	5.3864	7.3243
cace-sea-sr	65	2	25	0	0.1	0.005	6.6024	6.5814
cace-sea-sr	66	2	26	0	0.1	0.005	5.6588	4.7088
cace-sea-sr	67	2	27	0	0.1	0.005	7.4705	15.0088
cace-sea-sr	68	2	28	0	0.1	0.005	9.2515	4.6487
cace-sea-sr	69	2	29	0	0.1	0.005	7.6759	9.0999
cace-sea-sr	70	2	30	0	0.1	0.005	5.4938	6.0114
cace-sea-sr	71	2	31	0	0.1	0.005	8.7719	10.8695
cace-sea-sr	72	2	32	0	0.1	0.005	9.7304	7.0791
cace-sea-sr	73	2	33	0	0.1	0.005	10.1496	6.1215
cace-sea-sr	74	2	34	0	0.1	0.005	6.5441	5.9273
cace-sea-sr	75	2	35	0	0.1	0.005	6.913	5.7636
cace-sea-sr	76	2	36	0	0.1	0.005	6.708	8.3945
cace-sea-sr	77	2	37	0	0.1	0.005	15.0984	5.8198
cace-sea-sr	78	2	38	0	0.1	0.005	8.946	7.4026
cace-sea-sr	79	2	39	0	0.1	0.005	5.1485	6.8904
cace-sea-sr	80	2	40	0	0.1	0.005	11.2294	22.3954
cace-sea-sr	81	3	1	0	0.1	0.002	6.7721	4.7057
cace-sea-sr	82	3	2	0	0.1	0.004	4.5027	7.7056
cace-sea-sr	83	3	3	0	0.1	0.006	10.72	3.9973
cace-sea-sr	84	3	4	0	0.1	0.008	12.4974	7.1636
cace-sea-sr	85	3	5	0	0.1	0.01	9.6346	4.8909
cace-sea-sr	86	3	6	0	0.1	0.01	16.3555	24.6868
cace-sea-sr	87	3	7	0	0.1	0.01	17.6105	25.2402
cace-sea-sr	88	3	8	0	0.1	0.01	38.1211	77.0361
cace-sea-sr	89	3	9	0	0.1	0.01	20.2829	5.4807
cace-sea-sr	90	3	10	0	0.1	0.01	10.4518	6.6572
cace-sea-sr	91	3	11	0	0.1	0.01	12.4244	14.6529
cace-sea-sr	92	3	12	0	0.1	0.01	23.4949	13.0887
cace-sea-sr	93	3	13	0	0.1	0.01	26.3095	18.2222
cace-sea-sr	94	3	14	0	0.1	0.01	21.3671	34.7804
cace-sea-sr	95	3	15	0	0.1	0.01	24.33	41.8666
cace-sea-sr	96	3	16	0	0.1	0.01	16.5618	14.2983
cace-sea-sr	97	3	17	0	0.1	0.01	14.1158	6.7541
cace-sea-sr	98	3	18	0	0.1	0.01	18.8376	28.5079
cace-sea-sr	99	3	19	0	0.1	0.01	14.5685	21.5789
cace-sea-sr	100	3	20	0	0.1	0.01	16.5024	23.2553
cace-sea-sr	101	3	21	0	0.1	0.005	16.0935	5.2161
cace-sea-sr	102	3	22	0	0.1	0.005	6.4922	6.6085
cace-sea-sr	103	3	23	0	0.1	0.005	6.755	5.4674
cace-sea-sr	104	3	24	0	0.1	0.005	9.1597	5.691
cace-sea-sr	105	3	25	0	0.1	0.005	6.2162	8.7191
cace-sea-sr	106	3	26	0	0.1	0.005	10.2003	15.777
cace-sea-sr	107	3	27	0	0.1	0.005	11.1218	6.4638
cace-sea-sr	108	3	28	0	0.1	0.005	8.5912	3.8952
cace-sea-sr	109	3	29	0	0.1	0.005	5.4155	6.5604
cace-sea-sr	110	3	30	0	0.1	0.005	5.1945	5.4396
cace-sea-sr	111	3	31	0	0.1	0.005	6.1592	6.7437
cace-sea-sr	112	3	32	0	0.1	0.005	9.944	4.464
cace-sea-sr	113	3	33	0	0.1	0.005	8.6986	14.5517
cace-sea-sr	114	3	34	0	0.1	0.005	11.8245	8.8514
cace-sea-sr	115	3	35	0	0.1	0.005	7.0987	4.5828
cace-sea-sr	116	3	36	0	0.1	0.005	6.6613	12.8728
cace-sea-sr	117	3	37	0	0.1	0.005	8.2139	4.1541
cace-sea-sr	118	3	38	0	0.1	0.005	6.2222	8.3121
cace-sea-sr	119	3	39	0	0.1	0.005	6.3102	7.1518
cace-sea-sr	120	3	40	0	0.1	0.005	5.2531	7.1506
cace-sea-sr	121	4	1	0	0.1	0.002	9.5633	10.7119
cace-sea-sr	122	4	2	0	0.1	0.004	7.0846	3.3958
cace-sea-sr	123	4	3	0	0.1	0.006	6.9601	5.6086
cace-sea-sr	124	4	4	0	0.1	0.008	12.5057	5.4244
cace-sea-sr	125	4	5	0	0.1	0.01	24.2621	39.416
cace-sea-sr	126	4	6	0	0.1	0.01	14.9145	8.2164
cace-sea-sr	127	4	7	0	0.1	0.01	12.7227	11.1426
cace-sea-sr	128	4	8	0	0.1	0.01	9.4443	13.1052
cace-sea-sr	129	4	9	0	0.1	0.01	7.945	16.2479
cace-sea-sr	130	4	10	0	0.1	0.01	24.9079	90.907
cace-sea-sr	131	4	11	0	0.1	0.01	16.9152	16.4796
cace-sea-sr	132	4	12	0	0.1	0.01	10.9435	10.123
cace-sea-sr	133	4	13	0	0.1	0.01	9.2126	8.2383
cace-sea-sr	134	4	14	0	0.1	0.01	22.7376	22.2736
cace-sea-sr	135	4	15	0	0.1	0.01	17.1954	18.999
cace-sea-sr	136	4	16	0	0.1	0.01	9.3518	9.1415
cace-sea-sr	137	4	17	0	0.1	0.01	9.9867	15.2057
cace-sea-sr	138	4	18	0	0.1	0.01	16.6952	34.8846
cace-sea-sr	139	4	19	0	0.1	0.01	18.7368	6.533
cace-sea-sr	140	4	20	0	0.1	0.01	19.238	74.5435
cace-sea-sr	141	4	21	0	0.1	0.005	18.6354	4.5596
cace-sea-sr	142	4	22	0	0.1	0.005	9.1697	8.4031
cace-sea-sr	143	4	23	0	0.1	0.005	4.3934	5.7993
cace-sea-sr	144	4	24	0	0.1	0.005	4.886	4.3425
cace-sea-sr	145	4	25	0	0.1	0.005	5.1855	10.439
cace-sea-sr	146	4	26	0	0.1	0.005	6.7347	6.4419
cace-sea-sr	147	4	27	0	0.1	0.005	6.3068	3.8088
cace-sea-sr	148	4	28	0	0.1	0.005	5.2013	3.7688
cace-sea-sr	149	4	29	0	0.1	0.005	4.3386	3.67
cace-sea-sr	150	4	30	0	0.1	0.005	4.548	4.0155
cace-sea-sr	151	4	31	0	0.1	0.005	6.252	8.7083
cace-sea-sr	152	4	32	0	0.1	0.005	7.0815	7.968
cace-sea-sr	153	4	33	0	0.1	0.005	7.1288	4.1845
cace-sea-sr	154	4	34	0	0.1	0.005	5.7646	8.0932
cace-sea-sr	155	4	35	0	0.1	0.005	10.0562	14.059
cace-sea-sr	156	4	36	0	0.1	0.005	5.491	5.2325
cace-sea-sr	157	4	37	0	0.1	0.005	4.1539	5.2616
cace-sea-sr	158	4	38	0	0.1	0.005	4.3908	3.5684
cace-sea-sr	159	4	39	0	0.1	0.005	4.1834	4.6681
cace-sea-sr	160	4	40	0	0.1	0.005	4.1055	4.5361
cace-sea-sr	161	5	1	0	0.1	0.002	13.6951	5.2666
cace-sea-sr	162	5	2	0	0.1	0.004	5.2603	3.6614
cace-sea-sr	163	5	3	0	0.1	0.006	4.3254	3.3366
cace-sea-sr	164	5	4	0	0.1	0.008	6.5522	7.9451
cace-sea-sr	165	5	5	0	0.1	0.01	8.4733	39.1253
cace-sea-sr	166	5	6	0	0.1	0.01	20.3449	19.7363
cace-sea-sr	167	5	7	0	0.1	0.01	9.5152	11.592
cace-sea-sr	168	5	8	0	0.1	0.01	6.9169	6.3938
cace-sea-sr	169	5	9	0	0.1	0.01	13.8574	5.5917
cace-sea-sr	170	5	10	0	0.1	0.01	12.7708	12.7958
cace-sea-sr	171	5	11	0	0.1	0.01	8.4119	8.6297
cace-sea-sr	172	5	12	0	0.1	0.01	6.9855	5.6293
cace-sea-sr	173	5	13	0	0.1	0.01	10.8234	15.155
cace-sea-sr	174	5	14	0	0.1	0.01	10.0721	7.1783
cace-sea-sr	175	5	15	0	0.1	0.01	6.2572	3.9803
cace-sea-sr	176	5	16	0	0.1	0.01	12.175	24.735
cace-sea-sr	177	5	17	0	0.1	0.01	6.9979	9.763
cace-sea-sr	178	5	18	0	0.1	0.01	10.0406	12.647
cace-sea-sr	179	5	19	0	0.1	0.01	26.8346	18.7596
cace-sea-sr	180	5	20	0	0.1	0.01	17.1051	4.4533
cace-sea-sr	181	5	21	0	0.1	0.005	4.2385	4.7714
cace-sea-sr	182	5	22	0	0.1	0.005	6.4272	5.7439
cace-sea-sr	183	5	23	0	0.1	0.005	14.1321	5.618
cace-sea-sr	184	5	24	0	0.1	0.005	4.2659	6.2728
cace-sea-sr	185	5	25	0	0.1	0.005	7.8189	4.6755
cace-sea-sr	186	5	26	0	0.1	0.005	5.9877	5.3116
cace-sea-sr	187	5	27	0	0.1	0.005	4.1946	3.8362
cace-sea-sr	188	5	28	0	0.1	0.005	3.9202	3.0659
cace-sea-sr	189	5	29	0	0.1	0.005	4.8224	5.0956
cace-sea-sr	190	5	30	0	0.1	0.005	7.243	11.9719
cace-sea-sr	191	5	31	0	0.1	0.005	6.8456	7.2175
cace-sea-sr	192	5	32	0	0.1	0.005	3.9737	3.5766
cace-sea-sr	193	5	33	0	0.1	0.005	5.0654	5.0395
cace-sea-sr	194	5	34	0	0.1	0.005	4.848	4.3782
cace-sea-sr	195	5	35	0	0.1	0.005	4.8233	4.543
cace-sea-sr	196	5	36	0	0.1	0.005	3.4586	5.0562
cace-sea-sr	197	5	37	0	0.1	0.005	4.5183	4.8014
cace-sea-sr	198	5	38	0	0.1	0.005	5.6276	5.4505
cace-sea-sr	199	5	39	0	0.1	0.005	5.487	4.4747
cace-sea-sr	200	5	40	0	0.1	0.005	6.0196	3.1306
cace-sea-sr	201	1	1	1	1.0	0.0025	12.8779	21.9157
cace-sea-sr	202	1	2	1	1.0	0.0025	24.5303	23.1937
cace-sea-sr	203	1	3	1	1.0	0.0025	23.598	21.0458
cace-sea-sr	204	1	4	1	1.0	0.0025	19.1202	19.1797
cace-sea-sr	205	1	5	1	1.0	0.0025	15.3214	16.2853
cace-sea-sr	206	1	6	1	1.0	0.0025	11.3068	11.454
cace-sea-sr	207	1	7	1	1.0	0.0025	8.0426	6.6128
cace-sea-sr	208	1	8	1	1.0	0.0025	7.3335	8.3496
cace-sea-sr	209	1	9	1	1.0	0.0025	6.6818	6.9489
cace-sea-sr	210	1	10	1	1.0	0.0025	6.444	5.1428
cace-sea-sr	211	1	11	1	1.0	0.0025	6.8858	6.1665
cace-sea-sr	212	1	12	1	1.0	0.0025	6.6762	4.9484
cace-sea-sr	213	1	13	1	1.0	0.0025	7.2525	6.8146
cace-sea-sr	214	1	14	1	1.0	0.0025	7.288	9.6805
cace-sea-sr	215	1	15	1	1.0	0.0025	6.8879	8.0499
cace-sea-sr	216	1	16	1	1.0	0.0025	5.5731	6.0759
cace-sea-sr	217	1	17	1	1.0	0.0025	6.1733	5.7479
cace-sea-sr	218	1	18	1	1.0	0.0025	6.0827	5.7515
cace-sea-sr	219	1	19	1	1.0	0.0025	6.827	6.1187
cace-sea-sr	220	1	20	1	1.0	0.0025	6.2758	5.0088
cace-sea-sr	221	1	21	1	1.0	0.00125	3.7544	3.5569
cace-sea-sr	222	1	22	1	1.0	0.00125	3.2604	3.0284
cace-sea-sr	223	1	23	1	1.0	0.00125	3.2701	3.3782
cace-sea-sr	224	1	24	1	1.0	0.00125	3.3028	3.4824
cace-sea-sr	225	1	25	1	1.0	0.00125	3.445	3.5986
cace-sea-sr	226	1	26	1	1.0	0.00125	2.8662	3.7822
cace-sea-sr	227	1	27	1	1.0	0.00125	3.4614	3.8134
cace-sea-sr	228	1	28	1	1.0	0.00125	3.4767	3.0294
cace-sea-sr	229	1	29	1	1.0	0.00125	3.6951	3.9026
cace-sea-sr	230	1	30	1	1.0	0.00125	3.5569	3.1297
cace-sea-sr	231	1	31	1	1.0	0.00125	3.627	4.1053
cace-sea-sr	232	1	32	1	1.0	0.00125	3.5609	3.272
cace-sea-sr	233	1	33	1	1.0	0.00125	3.4835	3.3214
cace-sea-sr	234	1	34	1	1.0	0.00125	3.3638	3.7971
cace-sea-sr	235	1	35	1	1.0	0.00125	3.8182	4.479
cace-sea-sr	236	1	36	1	1.0	0.00125	3.8965	4.2844
cace-sea-sr	237	1	37	1	1.0	0.00125	3.8227	4.699
cace-sea-sr	238	1	38	1	1.0	0.00125	4.2561	3.3625
cace-sea-sr	239	1	39	1	1.0	0.00125	3.3643	3.2101
cace-sea-sr	240	1	40	1	1.0	0.00125	3.4457	3.247
cace-sea-sr	241	1	41	1	1.0	0.000625	2.8653	2.737
cace-sea-sr	242	1	42	1	1.0	0.000625	2.9631	2.8937
cace-sea-sr	243	1	43	1	1.0	0.000625	2.6026	2.5323
cace-sea-sr	244	1	44	1	1.0	0.000625	2.7107	2.5937
cace-sea-sr	245	1	45	1	1.0	0.000625	2.672	2.8507
cace-sea-sr	246	1	46	1	1.0	0.000625	2.8018	3.0143
cace-sea-sr	247	1	47	1	1.0	0.000625	2.8316	3.4661
cace-sea-sr	248	1	48	1	1.0	0.000625	2.8161	3.1166
cace-sea-sr	249	1	49	1	1.0	0.000625	2.8541	3.2314
cace-sea-sr	250	1	50	1	1.0	0.000625	2.8196	2.8595
cace-sea-sr	251	1	51	1	1.0	0.000625	2.8474	2.5884
cace-sea-sr	252	1	52	1	1.0	0.000625	2.6083	2.7758
cace-sea-sr	253	1	53	1	1.0	0.000625	2.634	2.8487
cace-sea-sr	254	1	54	1	1.0	0.000625	2.5006	2.4321
cace-sea-sr	255	1	55	1	1.0	0.000625	2.4244	2.5003
cace-sea-sr	256	1	56	1	1.0	0.000625	2.3857	2.4613
cace-sea-sr	257	1	57	1	1.0	0.000625	2.5508	2.7406
cace-sea-sr	258	1	58	1	1.0	0.000625	2.6321	2.7239
cace-sea-sr	259	1	59	1	1.0	0.000625	2.6623	2.9334
cace-sea-sr	260	1	60	1	1.0	0.000625	2.3958	2.3508
cace-sea-sr	261	1	61	1	1.0	0.0003125	2.2731	2.3226
cace-sea-sr	262	1	62	1	1.0	0.0003125	2.2555	2.3275
cace-sea-sr	263	1	63	1	1.0	0.0003125	2.3133	2.4154
cace-sea-sr	264	1	64	1	1.0	0.0003125	2.2677	2.4028
cace-sea-sr	265	1	65	1	1.0	0.0003125	2.2248	2.2638
cace-sea-sr	266	1	66	1	1.0	0.0003125	2.2178	2.2826
cace-sea-sr	267	1	67	1	1.0	0.0003125	2.2811	2.3554
cace-sea-sr	268	1	68	1	1.0	0.0003125	2.2459	2.389
cace-sea-sr	269	1	69	1	1.0	0.0003125	2.2898	2.3135
cace-sea-sr	270	1	70	1	1.0	0.0003125	2.2361	2.2847
cace-sea-sr	271	1	71	1	1.0	0.0003125	2.2162	2.3417
cace-sea-sr	272	1	72	1	1.0	0.0003125	2.2581	2.5154
cace-sea-sr	273	1	73	1	1.0	0.0003125	2.236	2.237
cace-sea-sr	274	1	74	1	1.0	0.0003125	2.1902	2.2444
cace-sea-sr	275	1	75	1	1.0	0.0003125	2.2019	2.309
cace-sea-sr	276	1	76	1	1.0	0.0003125	2.2678	2.3515
cace-sea-sr	277	1	77	1	1.0	0.0003125	2.1809	2.292
cace-sea-sr	278	1	78	1	1.0	0.0003125	2.1714	2.217
cace-sea-sr	279	1	79	1	1.0	0.0003125	2.1643	2.223
cace-sea-sr	280	1	80	1	1.0	0.0003125	2.1788	2.2314
cace-sea-sr	281	1	81	1	1.0	0.00015625	2.1411	2.1974
cace-sea-sr	282	1	82	1	1.0	0.00015625	2.1544	2.2107
cace-sea-sr	283	1	83	1	1.0	0.00015625	2.1335	2.2507
cace-sea-sr	284	1	84	1	1.0	0.00015625	2.1296	2.2184
cace-sea-sr	285	1	85	1	1.0	0.00015625	2.1263	2.2497
cace-sea-sr	286	1	86	1	1.0	0.00015625	2.1204	2.2215
cace-sea-sr	287	1	87	1	1.0	0.00015625	2.1344	2.2735
cace-sea-sr	288	1	88	1	1.0	0.00015625	2.1512	2.208
cace-sea-sr	289	1	89	1	1.0	0.00015625	2.1166	2.2336
cace-sea-sr	290	1	90	1	1.0	0.00015625	2.1303	2.2025
cace-sea-sr	291	1	91	1	1.0	0.00015625	2.1103	2.1862
cace-sea-sr	292	1	92	1	1.0	0.00015625	2.1165	2.2108
cace-sea-sr	293	1	93	1	1.0	0.00015625	2.1115	2.1897
cace-sea-sr	294	1	94	1	1.0	0.00015625	2.2013	2.1834
cace-sea-sr	295	1	95	1	1.0	0.00015625	2.1201	2.2063
cace-sea-sr	296	1	96	1	1.0	0.00015625	2.1677	2.3367
cace-sea-sr	297	1	97	1	1.0	0.00015625	2.2036	2.2796
cace-sea-sr	298	1	98	1	1.0	0.00015625	2.135	2.2418
cace-sea-sr	299	1	99	1	1.0	0.00015625	2.1638	2.2504
cace-sea-sr	300	1	100	1	1.0	0.00015625	2.1471	2.2132
cace-sea-sr	301	1	1	2	10.0	7.8125e-05	2.1895	2.2237
cace-sea-sr	302	1	2	2	10.0	7.8125e-05	2.1628	2.2715
cace-sea-sr	303	1	3	2	10.0	7.8125e-05	2.2026	2.4105
cace-sea-sr	304	1	4	2	10.0	7.8125e-05	2.202	2.2468
cace-sea-sr	305	1	5	2	10.0	7.8125e-05	2.1889	2.2989
cace-sea-sr	306	1	6	2	10.0	7.8125e-05	2.1672	2.2306
cace-sea-sr	307	1	7	2	10.0	7.8125e-05	2.1736	2.2399
cace-sea-sr	308	1	8	2	10.0	7.8125e-05	2.2676	2.2365
cace-sea-sr	309	1	9	2	10.0	7.8125e-05	2.1966	2.2221
cace-sea-sr	310	1	10	2	10.0	7.8125e-05	2.2429	2.4035
cace-sea-sr	311	1	11	2	10.0	7.8125e-05	2.2372	2.2582
cace-sea-sr	312	1	12	2	10.0	7.8125e-05	2.1989	2.548
cace-sea-sr	313	1	13	2	10.0	7.8125e-05	2.3731	2.7834
cace-sea-sr	314	1	14	2	10.0	7.8125e-05	2.2616	2.3611
cace-sea-sr	315	1	15	2	10.0	7.8125e-05	2.2691	2.2986
cace-sea-sr	316	1	16	2	10.0	7.8125e-05	2.2812	2.529
cace-sea-sr	317	1	17	2	10.0	7.8125e-05	2.2397	2.2285
cace-sea-sr	318	1	18	2	10.0	7.8125e-05	2.1678	2.2373
cace-sea-sr	319	1	19	2	10.0	7.8125e-05	2.3491	2.2818
cace-sea-sr	320	1	20	2	10.0	7.8125e-05	2.2257	2.2576
cace-sea-sr	321	1	21	2	10.0	3.90625e-05	2.1392	2.2238
cace-sea-sr	322	1	22	2	10.0	3.90625e-05	2.1913	2.4429
cace-sea-sr	323	1	23	2	10.0	3.90625e-05	2.1874	2.2282
cace-sea-sr	324	1	24	2	10.0	3.90625e-05	2.1544	2.2422
cace-sea-sr	325	1	25	2	10.0	3.90625e-05	2.157	2.2371
cace-sea-sr	326	1	26	2	10.0	3.90625e-05	2.1481	2.2244
cace-sea-sr	327	1	27	2	10.0	3.90625e-05	2.1673	2.3368
cace-sea-sr	328	1	28	2	10.0	3.90625e-05	2.1642	2.2268
cace-sea-sr	329	1	29	2	10.0	3.90625e-05	2.1376	2.2204
cace-sea-sr	330	1	30	2	10.0	3.90625e-05	2.175	2.2903
cace-sea-sr	331	1	31	2	10.0	3.90625e-05	2.1843	2.2771
cace-sea-sr	332	1	32	2	10.0	3.90625e-05	2.1631	2.2575
cace-sea-sr	333	1	33	2	10.0	3.90625e-05	2.1429	2.2164
cace-sea-sr	334	1	34	2	10.0	3.90625e-05	2.1512	2.2715
cace-sea-sr	335	1	35	2	10.0	3.90625e-05	2.1462	2.2339
cace-sea-sr	336	1	36	2	10.0	3.90625e-05	2.146	2.2994
cace-sea-sr	337	1	37	2	10.0	3.90625e-05	2.1862	2.4369
cace-sea-sr	338	1	38	2	10.0	3.90625e-05	2.2841	2.5348
cace-sea-sr	339	1	39	2	10.0	3.90625e-05	2.245	2.3608
cace-sea-sr	340	1	40	2	10.0	3.90625e-05	2.2135	2.3312
cace-sea-sr	341	1	41	2	10.0	1.95313e-05	2.1765	2.2848
cace-sea-sr	342	1	42	2	10.0	1.95313e-05	2.1469	2.3865
cace-sea-sr	343	1	43	2	10.0	1.95313e-05	2.1744	2.2165
cace-sea-sr	344	1	44	2	10.0	1.95313e-05	2.1319	2.2154
cace-sea-sr	345	1	45	2	10.0	1.95313e-05	2.1378	2.2156
cace-sea-sr	346	1	46	2	10.0	1.95313e-05	2.1433	2.2253
cace-sea-sr	347	1	47	2	10.0	1.95313e-05	2.1505	2.2316
cace-sea-sr	348	1	48	2	10.0	1.95313e-05	2.1398	2.2249
cace-sea-sr	349	1	49	2	10.0	1.95313e-05	2.1298	2.2172
cace-sea-sr	350	1	50	2	10.0	1.95313e-05	2.136	2.2168
cace-sea-sr	351	1	51	2	10.0	1.95313e-05	2.1526	2.225
cace-sea-sr	352	1	52	2	10.0	1.95313e-05	2.1376	2.2136
cace-sea-sr	353	1	53	2	10.0	1.95313e-05	2.1291	2.2172
cace-sea-sr	354	1	54	2	10.0	1.95313e-05	2.1281	2.216
cace-sea-sr	355	1	55	2	10.0	1.95313e-05	2.1379	2.2183
cace-sea-sr	356	1	56	2	10.0	1.95313e-05	2.1493	2.2183
cace-sea-sr	357	1	57	2	10.0	1.95313e-05	2.1367	2.2318
cace-sea-sr	358	1	58	2	10.0	1.95313e-05	2.1375	2.2164
cace-sea-sr	359	1	59	2	10.0	1.95313e-05	2.1479	2.2239
cace-sea-sr	360	1	60	2	10.0	1.95313e-05	2.1346	2.2184
cace-sea-sr	361	1	61	2	10.0	9.76563e-06	2.1301	2.223
cace-sea-sr	362	1	62	2	10.0	9.76563e-06	2.1302	2.2275
cace-sea-sr	363	1	63	2	10.0	9.76563e-06	2.1205	2.2101
cace-sea-sr	364	1	64	2	10.0	9.76563e-06	2.1373	2.2104
cace-sea-sr	365	1	65	2	10.0	9.76563e-06	2.1296	2.2214
cace-sea-sr	366	1	66	2	10.0	9.76563e-06	2.1285	2.2181
cace-sea-sr	367	1	67	2	10.0	9.76563e-06	2.1456	2.2292
cace-sea-sr	368	1	68	2	10.0	9.76563e-06	2.1261	2.2215
cace-sea-sr	369	1	69	2	10.0	9.76563e-06	2.13	2.2315
cace-sea-sr	370	1	70	2	10.0	9.76563e-06	2.1321	2.2195
cace-sea-sr	371	1	71	2	10.0	9.76563e-06	2.1248	2.2153
cace-sea-sr	372	1	72	2	10.0	9.76563e-06	2.1278	2.2384
cace-sea-sr	373	1	73	2	10.0	9.76563e-06	2.1471	2.2779
cace-sea-sr	374	1	74	2	10.0	9.76563e-06	2.1285	2.2351
cace-sea-sr	375	1	75	2	10.0	9.76563e-06	2.1374	2.2339
cace-sea-sr	376	1	76	2	10.0	9.76563e-06	2.1344	2.2763
cace-sea-sr	377	1	77	2	10.0	9.76563e-06	2.1458	2.3241
cace-sea-sr	378	1	78	2	10.0	9.76563e-06	2.1972	2.213
cace-sea-sr	379	1	79	2	10.0	9.76563e-06	2.1666	2.237
cace-sea-sr	380	1	80	2	10.0	9.76563e-06	2.1396	2.211
cace-sea-sr	381	1	81	2	10.0	4.88281e-06	2.1394	2.306
cace-sea-sr	382	1	82	2	10.0	4.88281e-06	2.1333	2.2179
cace-sea-sr	383	1	83	2	10.0	4.88281e-06	2.1281	2.2138
cace-sea-sr	384	1	84	2	10.0	4.88281e-06	2.1212	2.2094
cace-sea-sr	385	1	85	2	10.0	4.88281e-06	2.1212	2.2085
cace-sea-sr	386	1	86	2	10.0	4.88281e-06	2.1204	2.2124
cace-sea-sr	387	1	87	2	10.0	4.88281e-06	2.1211	2.2091
cace-sea-sr	388	1	88	2	10.0	4.88281e-06	2.1218	2.2124
cace-sea-sr	389	1	89	2	10.0	4.88281e-06	2.1223	2.2089
cace-sea-sr	390	1	90	2	10.0	4.88281e-06	2.1253	2.2629
cace-sea-sr	391	1	91	2	10.0	4.88281e-06	2.1268	2.212
cace-sea-sr	392	1	92	2	10.0	4.88281e-06	2.1271	2.2091
cace-sea-sr	393	1	93	2	10.0	4.88281e-06	2.1254	2.2161
cace-sea-sr	394	1	94	2	10.0	4.88281e-06	2.126	2.2178
cace-sea-sr	395	1	95	2	10.0	4.88281e-06	2.1229	2.2089
cace-sea-sr	396	1	96	2	10.0	4.88281e-06	2.1262	2.2313
cace-sea-sr	397	1	97	2	10.0	4.88281e-06	2.1244	2.2084
cace-sea-sr	398	1	98	2	10.0	4.88281e-06	2.1229	2.2095
cace-sea-sr	399	1	99	2	10.0	4.88281e-06	2.1347	2.2095
cace-sea-sr	400	1	100	2	10.0	4.88281e-06	2.1217	2.2085
cace-sea-sr	401	1	1	3	1000.0	2.44141e-06	8.5111	9.0679
cace-sea-sr	402	1	2	3	1000.0	2.44141e-06	8.6253	9.8847
cace-sea-sr	403	1	3	3	1000.0	2.44141e-06	8.8437	9.0743
cace-sea-sr	404	1	4	3	1000.0	2.44141e-06	8.5923	9.0749
cace-sea-sr	405	1	5	3	1000.0	2.44141e-06	8.3248	10.4498
cace-sea-sr	406	1	6	3	1000.0	2.44141e-06	8.7491	11.2401
cace-sea-sr	407	1	7	3	1000.0	2.44141e-06	9.1445	12.2443
cace-sea-sr	408	1	8	3	1000.0	2.44141e-06	8.882	11.299
cace-sea-sr	409	1	9	3	1000.0	2.44141e-06	8.6377	9.2607
cace-sea-sr	410	1	10	3	1000.0	2.44141e-06	8.3467	9.8831
cace-sea-sr	411	1	11	3	1000.0	2.44141e-06	8.7596	11.4583
cace-sea-sr	412	1	12	3	1000.0	2.44141e-06	8.7504	12.2488
cace-sea-sr	413	1	13	3	1000.0	2.44141e-06	8.7272	10.1544
cace-sea-sr	414	1	14	3	1000.0	2.44141e-06	8.5905	9.4023
cace-sea-sr	415	1	15	3	1000.0	2.44141e-06	9.0546	10.7525
cace-sea-sr	416	1	16	3	1000.0	2.44141e-06	8.4525	10.2183
cace-sea-sr	417	1	17	3	1000.0	2.44141e-06	8.3118	9.583
cace-sea-sr	418	1	18	3	1000.0	2.44141e-06	8.3333	9.6951
cace-sea-sr	419	1	19	3	1000.0	2.44141e-06	8.4285	9.7834
cace-sea-sr	420	1	20	3	1000.0	2.44141e-06	8.5894	10.3924
cace-sea-sr	421	1	21	3	1000.0	1.2207e-06	9.2165	9.0984
cace-sea-sr	422	1	22	3	1000.0	1.2207e-06	8.3323	9.2753
cace-sea-sr	423	1	23	3	1000.0	1.2207e-06	8.3017	9.2911
cace-sea-sr	424	1	24	3	1000.0	1.2207e-06	8.2502	9.6774
cace-sea-sr	425	1	25	3	1000.0	1.2207e-06	8.4176	9.1189
cace-sea-sr	426	1	26	3	1000.0	1.2207e-06	9.0413	9.9947
cace-sea-sr	427	1	27	3	1000.0	1.2207e-06	8.6837	10.1782
cace-sea-sr	428	1	28	3	1000.0	1.2207e-06	8.368	9.2166
cace-sea-sr	429	1	29	3	1000.0	1.2207e-06	8.2365	9.425
cace-sea-sr	430	1	30	3	1000.0	1.2207e-06	8.3341	9.2842
cace-sea-sr	431	1	31	3	1000.0	1.2207e-06	8.4136	9.1742
cace-sea-sr	432	1	32	3	1000.0	1.2207e-06	8.8186	11.0952
cace-sea-sr	433	1	33	3	1000.0	1.2207e-06	8.5013	9.2561
cace-sea-sr	434	1	34	3	1000.0	1.2207e-06	8.2677	9.0826
cace-sea-sr	435	1	35	3	1000.0	1.2207e-06	8.5694	9.4926
cace-sea-sr	436	1	36	3	1000.0	1.2207e-06	8.2795	9.7286
cace-sea-sr	437	1	37	3	1000.0	1.2207e-06	8.2771	9.4779
cace-sea-sr	438	1	38	3	1000.0	1.2207e-06	8.25	9.5501
cace-sea-sr	439	1	39	3	1000.0	1.2207e-06	8.4977	11.2121
cace-sea-sr	440	1	40	3	1000.0	1.2207e-06	8.6455	9.0831
cace-sea-sr	441	1	41	3	1000.0	6.10352e-07	8.2493	9.8715
cace-sea-sr	442	1	42	3	1000.0	6.10352e-07	8.3819	9.1263
cace-sea-sr	443	1	43	3	1000.0	6.10352e-07	8.2302	9.4509
cace-sea-sr	444	1	44	3	1000.0	6.10352e-07	8.2561	9.4046
cace-sea-sr	445	1	45	3	1000.0	6.10352e-07	8.2088	9.4182
cace-sea-sr	446	1	46	3	1000.0	6.10352e-07	8.2811	9.6871
cace-sea-sr	447	1	47	3	1000.0	6.10352e-07	8.2601	9.3633
cace-sea-sr	448	1	48	3	1000.0	6.10352e-07	8.2056	9.5042
cace-sea-sr	449	1	49	3	1000.0	6.10352e-07	8.2282	9.1144
cace-sea-sr	450	1	50	3	1000.0	6.10352e-07	8.2487	9.2415
cace-sea-sr	451	1	51	3	1000.0	6.10352e-07	8.3552	9.7592
cace-sea-sr	452	1	52	3	1000.0	6.10352e-07	8.5811	9.1951
cace-sea-sr	453	1	53	3	1000.0	6.10352e-07	8.7824	9.4841
cace-sea-sr	454	1	54	3	1000.0	6.10352e-07	8.5113	9.8556
cace-sea-sr	455	1	55	3	1000.0	6.10352e-07	8.4209	9.091
cace-sea-sr	456	1	56	3	1000.0	6.10352e-07	8.3287	10.1148
cace-sea-sr	457	1	57	3	1000.0	6.10352e-07	8.4367	9.4401
cace-sea-sr	458	1	58	3	1000.0	6.10352e-07	8.1676	9.2234
cace-sea-sr	459	1	59	3	1000.0	6.10352e-07	8.1754	9.2527
cace-sea-sr	460	1	60	3	1000.0	6.10352e-07	8.2316	9.3721
cace-sea-sr	461	1	61	3	1000.0	3.05176e-07	8.1517	9.1439
cace-sea-sr	462	1	62	3	1000.0	3.05176e-07	8.2732	9.1967
cace-sea-sr	463	1	63	3	1000.0	3.05176e-07	8.1521	9.463
cace-sea-sr	464	1	64	3	1000.0	3.05176e-07	8.184	9.3761
cace-sea-sr	465	1	65	3	1000.0	3.05176e-07	8.2113	9.182
cace-sea-sr	466	1	66	3	1000.0	3.05176e-07	8.1566	9.3419
cace-sea-sr	467	1	67	3	1000.0	3.05176e-07	8.1738	9.4331
cace-sea-sr	468	1	68	3	1000.0	3.05176e-07	8.1759	9.3918
cace-sea-sr	469	1	69	3	1000.0	3.05176e-07	8.1599	9.2401
cace-sea-sr	470	1	70	3	1000.0	3.05176e-07	8.2258	9.542
cace-sea-sr	471	1	71	3	1000.0	3.05176e-07	8.2075	9.3214
cace-sea-sr	472	1	72	3	1000.0	3.05176e-07	8.1776	9.4181
cace-sea-sr	473	1	73	3	1000.0	3.05176e-07	8.1851	9.2519
cace-sea-sr	474	1	74	3	1000.0	3.05176e-07	8.1776	9.348
cace-sea-sr	475	1	75	3	1000.0	3.05176e-07	8.1699	9.2536
cace-sea-sr	476	1	76	3	1000.0	3.05176e-07	8.1691	9.1305
cace-sea-sr	477	1	77	3	1000.0	3.05176e-07	8.1673	9.4162
cace-sea-sr	478	1	78	3	1000.0	3.05176e-07	8.2376	9.5364
cace-sea-sr	479	1	79	3	1000.0	3.05176e-07	8.229	9.1031
cace-sea-sr	480	1	80	3	1000.0	3.05176e-07	8.1907	9.8056
cace-sea-sr	481	1	81	3	1000.0	1.52588e-07	8.2453	9.4022
cace-sea-sr	482	1	82	3	1000.0	1.52588e-07	8.1522	9.3077
cace-sea-sr	483	1	83	3	1000.0	1.52588e-07	8.1763	9.466
cace-sea-sr	484	1	84	3	1000.0	1.52588e-07	8.1632	9.4142
cace-sea-sr	485	1	85	3	1000.0	1.52588e-07	8.1563	9.2399
cace-sea-sr	486	1	86	3	1000.0	1.52588e-07	8.1591	9.2473
cace-sea-sr	487	1	87	3	1000.0	1.52588e-07	8.1703	9.4392
cace-sea-sr	488	1	88	3	1000.0	1.52588e-07	8.1615	9.438
cace-sea-sr	489	1	89	3	1000.0	1.52588e-07	8.1577	9.306
cace-sea-sr	490	1	90	3	1000.0	1.52588e-07	8.1663	9.3974
cace-sea-sr	491	1	91	3	1000.0	1.52588e-07	8.1654	9.4114
cace-sea-sr	492	1	92	3	1000.0	1.52588e-07	8.151	9.2775
cace-sea-sr	493	1	93	3	1000.0	1.52588e-07	8.1479	9.2513
cace-sea-sr	494	1	94	3	1000.0	1.52588e-07	8.1503	9.2872
cace-sea-sr	495	1	95	3	1000.0	1.52588e-07	8.1469	9.314
cace-sea-sr	496	1	96	3	1000.0	1.52588e-07	8.156	9.3713
cace-sea-sr	497	1	97	3	1000.0	1.52588e-07	8.1517	9.3541
cace-sea-sr	498	1	98	3	1000.0	1.52588e-07	8.1578	9.2237
cace-sea-sr	499	1	99	3	1000.0	1.52588e-07	8.1626	9.3352
cace-sea-sr	500	1	100	3	1000.0	1.52588e-07	8.1662	9.4061
