arm	step	nframes	e_sr_mean	e_lr_mean	e_lr_std	f_tot_rms	f_sr_rms	f_lr_rms	f_lr_over_f_tot	e_self_mean	f_self_rms	f_self_over_f_tot	self_over_e_lr	sum_q2_mean	rsi_trained
deepmd-les-cace-sched_sA	3200	80	-2.99440731e+04	7.41134940e-01	4.37620394e-02	8.08109243e-01	8.03153836e-01	4.90598306e-02	6.07094041e-02	1.67648385e+01	3.05058861e-01	3.77497057e-01	2.26204940e+01	2.91835221e+00	0
deepmd-les-cace-sched_sA	6400	80	-2.99433977e+04	1.28663969e+00	6.39120078e-02	8.07750073e-01	7.96110421e-01	6.09478797e-02	7.54538833e-02	3.46261741e+01	4.19305467e-01	5.19102977e-01	2.69120986e+01	6.02757800e+00	0
deepmd-les-cace-sched_sA	9600	80	-2.99437506e+04	6.42473647e-01	4.80262655e-02	8.12888868e-01	8.03424593e-01	4.33257247e-02	5.32984599e-02	8.41586649e+00	1.79851506e-01	2.21249808e-01	1.30991622e+01	1.46499846e+00	0
deepmd-les-cace-sched_sA	12800	80	-2.99446708e+04	8.59077949e-01	6.25315777e-02	8.18467391e-01	8.08334206e-01	5.35730182e-02	6.54552873e-02	1.30244831e+01	1.27983080e-01	1.56369187e-01	1.51610027e+01	2.26724696e+00	0
deepmd-les-cace-sched_sA	16000	80	-2.99505055e+04	6.79651282e-01	2.86713488e-02	7.38254030e-01	7.35104984e-01	3.70000995e-02	5.01183848e-02	8.54911453e+00	1.09429943e-01	1.48228033e-01	1.25786778e+01	1.48819371e+00	0
deepmd-les-cace-sched_sA	19200	80	-2.99435817e+04	3.96134616e-01	4.84921817e-02	8.13091728e-01	8.06533641e-01	4.32539837e-02	5.31969300e-02	9.86212974e-01	5.48000714e-02	6.73971576e-02	2.48959049e+00	1.71675785e-01	0
deepmd-les-cace-sched_sA	22400	80	-2.99447031e+04	4.14454418e-01	3.99140349e-02	8.22089028e-01	8.18413120e-01	3.72628114e-02	4.53269781e-02	6.70538332e+00	1.24246587e-01	1.51135197e-01	1.61788197e+01	1.16724478e+00	0
deepmd-les-cace-sched_sA	25600	80	-2.99439062e+04	8.55769072e-01	4.23283907e-02	8.13646810e-01	8.08567743e-01	3.83122402e-02	4.70870649e-02	2.95610094e+01	2.68052601e-01	3.29445894e-01	3.45432084e+01	5.14585553e+00	0
deepmd-les-cace-sched_sA	28800	80	-2.99455477e+04	1.87289990e+00	6.99672956e-02	8.15956416e-01	8.12247227e-01	4.66880367e-02	5.72187874e-02	7.68860335e+01	4.19725627e-01	5.14397116e-01	4.10518648e+01	1.33839957e+01	0
deepmd-les-cace-sched_sA	32000	80	-2.99480549e+04	4.44105517e+00	1.57521467e-01	8.18189233e-01	8.15550910e-01	9.43620417e-02	1.15330339e-01	1.87169745e+02	8.00744832e-01	9.78679259e-01	4.21453321e+01	3.25817179e+01	0
deepmd-les-cace-sched_sA	35200	80	-2.99497057e+04	5.49780562e+00	1.99277124e-01	8.17106527e-01	8.14235035e-01	1.15458217e-01	1.41301303e-01	2.33470012e+02	9.25676231e-01	1.13287093e+00	4.24660362e+01	4.06414727e+01	0
deepmd-les-cace-sched_sA	38400	80	-2.99498687e+04	6.67882152e+00	2.33950998e-01	8.18873049e-01	8.17148660e-01	1.35735855e-01	1.65759339e-01	2.78175412e+02	1.05776752e+00	1.29173566e+00	4.16503737e+01	4.84235997e+01	0
deepmd-les-cace-sched_sA	41600	80	-2.99505956e+04	7.40747273e+00	2.50401511e-01	8.15352441e-01	8.14053151e-01	1.46078651e-01	1.79160132e-01	3.04473160e+02	1.12027974e+00	1.37398220e+00	4.11035141e+01	5.30014004e+01	0
deepmd-les-cace-sched_sA	44800	80	-2.99510705e+04	7.63879484e+00	2.60487711e-01	8.14526914e-01	8.13917565e-01	1.50614894e-01	1.84910887e-01	3.14983514e+02	1.13711398e+00	1.39604224e+00	4.12347132e+01	5.48309985e+01	0
deepmd-les-cace-sched_sA	48000	80	-2.99514527e+04	7.79219208e+00	2.65872185e-01	8.17666961e-01	8.16689627e-01	1.53426336e-01	1.87639153e-01	3.21896020e+02	1.12671141e+00	1.37795883e+00	4.13100725e+01	5.60342983e+01	0
deepmd-les-cace-sched_sA	51200	80	-2.99513888e+04	7.80786423e+00	2.64277465e-01	8.17277263e-01	8.16411104e-01	1.52562356e-01	1.86671480e-01	3.21445778e+02	1.13329201e+00	1.38666774e+00	4.11694886e+01	5.59559220e+01	0
deepmd-les-cace-sched_sA	54400	80	-2.99511546e+04	7.79234832e+00	2.65080029e-01	8.16296244e-01	8.15853516e-01	1.52476378e-01	1.86790494e-01	3.21350019e+02	1.13442569e+00	1.38972303e+00	4.12391754e+01	5.59392527e+01	0
deepmd-les-cace-sched_sA	57600	80	-2.99513612e+04	7.81530230e+00	2.65351797e-01	8.16698621e-01	8.16107677e-01	1.52761972e-01	1.87048157e-01	3.22130863e+02	1.13090910e+00	1.38473247e+00	4.12179658e+01	5.60751787e+01	0
deepmd-les-cace-sched_sA	60800	80	-2.99513286e+04	7.82434851e+00	2.65487704e-01	8.16488482e-01	8.15987082e-01	1.52874256e-01	1.87233818e-01	3.22407351e+02	1.13451489e+00	1.38950508e+00	4.12056480e+01	5.61233086e+01	0
deepmd-les-cace-sched_sA	64000	80	-2.99513983e+04	7.82967616e+00	2.66043078e-01	8.16780718e-01	8.16206121e-01	1.53002677e-01	1.87324057e-01	3.22754763e+02	1.13789662e+00	1.39314824e+00	4.12219812e+01	5.61837847e+01	0
deepmd-les-cace-sched_sA	67200	80	-2.99513558e+04	7.84539598e+00	2.65565239e-01	8.16894201e-01	8.16224264e-01	1.53026113e-01	1.87326722e-01	3.22796134e+02	1.13950741e+00	1.39492655e+00	4.11446579e+01	5.61909862e+01	0
deepmd-les-cace-sched_sA	70400	80	-2.99513621e+04	7.84832329e+00	2.66016116e-01	8.17052460e-01	8.16436367e-01	1.53231718e-01	1.87542080e-01	3.23008012e+02	1.14010226e+00	1.39538440e+00	4.11563081e+01	5.62278691e+01	0
deepmd-les-cace-sched_sA	73600	80	-2.99513794e+04	7.85415471e+00	2.65760288e-01	8.17096045e-01	8.16465613e-01	1.53212180e-01	1.87508165e-01	3.23006546e+02	1.14025016e+00	1.39549098e+00	4.11255645e+01	5.62276139e+01	0
deepmd-les-cace-sched_sA	76800	80	-2.99514000e+04	7.85490415e+00	2.65648880e-01	8.17125297e-01	8.16476410e-01	1.53191090e-01	1.87475643e-01	3.22969701e+02	1.14013407e+00	1.39529895e+00	4.11169500e+01	5.62212002e+01	0
deepmd-les-cace-sched_sA	80000	80	-2.99513839e+04	7.85539623e+00	2.65630742e-01	8.17130888e-01	8.16483101e-01	1.53191075e-01	1.87474341e-01	3.22965889e+02	1.14007782e+00	1.39522057e+00	4.11138891e+01	5.62205366e+01	0
deepmd-les-cace-sched_sB	3200	80	-2.99479549e+04	5.23767654e-01	9.22462381e-02	8.07045244e-01	7.98174325e-01	6.23787746e-02	7.72927850e-02	7.67069979e-01	4.00720477e-02	4.96527897e-02	1.46452339e+00	1.33528299e-01	0
deepmd-les-cace-sched_sB	6400	80	-2.99432536e+04	5.64785850e-01	3.08815068e-02	8.19206691e-01	8.12567619e-01	2.96807636e-02	3.62311050e-02	1.66773336e+01	4.17721789e-01	5.09910128e-01	2.95285968e+01	2.90311973e+00	0
deepmd-les-cace-sched_sB	9600	80	-2.99448592e+04	1.98514260e+00	5.53099695e-02	8.86450141e-01	8.79428819e-01	3.97496820e-02	4.48414187e-02	1.59848561e+01	2.35275253e-01	2.65412844e-01	8.05224575e+00	2.78257617e+00	0
deepmd-les-cace-sched_sB	12800	80	-2.99452564e+04	1.99598123e+00	7.67612011e-02	8.06758910e-01	8.02556123e-01	4.72139315e-02	5.85229749e-02	8.31862252e+01	6.84831140e-01	8.48867154e-01	4.16768575e+01	1.44807064e+01	0
deepmd-les-cace-sched_sB	16000	80	-2.99461431e+04	2.89262689e+00	1.08761073e-01	8.14831778e-01	8.09559393e-01	6.42051220e-02	7.87955548e-02	1.22191803e+02	7.34449065e-01	9.01350543e-01	4.22425041e+01	2.12706325e+01	0
deepmd-les-cace-sched_sB	19200	80	-2.99468678e+04	3.92006031e+00	1.40362173e-01	8.23556616e-01	8.21916028e-01	8.06009408e-02	9.78693380e-02	1.68147791e+02	9.25632187e-01	1.12394481e+00	4.28941846e+01	2.92704566e+01	0
deepmd-les-cace-sched_sB	22400	80	-2.99457830e+04	2.66587557e+00	8.99897820e-02	8.12405592e-01	8.04008270e-01	5.74197216e-02	7.06786391e-02	1.14173284e+02	5.39331809e-01	6.63870134e-01	4.28276869e+01	1.98748026e+01	0
deepmd-les-cace-sched_sB	25600	80	-2.99484344e+04	4.83299424e+00	1.80127881e-01	8.11535532e-01	8.07891099e-01	9.93337395e-02	1.22402206e-01	2.09953881e+02	8.20061208e-01	1.01050561e+00	4.34417817e+01	3.65478840e+01	0
deepmd-les-cace-sched_sB	28800	80	-2.99486922e+04	5.02582535e+00	1.77700310e-01	8.26698937e-01	8.22768058e-01	9.96123241e-02	1.20494075e-01	2.17779654e+02	8.17395873e-01	9.88746732e-01	4.33321174e+01	3.79101614e+01	0
deepmd-les-cace-sched_sB	32000	80	-2.99508507e+04	6.97734037e+00	2.50575357e-01	8.13541517e-01	8.09846473e-01	1.37817558e-01	1.69404456e-01	3.00539020e+02	1.01615411e+00	1.24905010e+00	4.30735788e+01	5.23165621e+01	0
deepmd-les-cace-sched_sB	35200	80	-2.99506665e+04	7.93941882e+00	2.83342519e-01	8.19363840e-01	8.15329823e-01	1.54510552e-01	1.88573799e-01	3.40248627e+02	1.08806893e+00	1.32794356e+00	4.28556088e+01	5.92290425e+01	0
deepmd-les-cace-sched_sB	38400	80	-2.99523666e+04	8.45960484e+00	3.06974525e-01	8.17136064e-01	8.14397294e-01	1.65425305e-01	2.02445238e-01	3.62450892e+02	1.11799999e+00	1.36819318e+00	4.28448962e+01	6.30939189e+01	0
deepmd-les-cace-sched_sB	41600	80	-2.99523303e+04	8.81029662e+00	3.11233143e-01	8.16269858e-01	8.15905214e-01	1.67918008e-01	2.05713842e-01	3.73480573e+02	1.16048387e+00	1.42169144e+00	4.23913733e+01	6.50139192e+01	0
deepmd-les-cace-sched_sB	44800	80	-2.99525090e+04	8.92807221e+00	3.17932858e-01	8.16317956e-01	8.15145389e-01	1.70012880e-01	2.08267966e-01	3.78361196e+02	1.18560461e+00	1.45238090e+00	4.23788235e+01	6.58635174e+01	0
deepmd-les-cace-sched_sB	48000	80	-2.99526819e+04	9.01355779e+00	3.19129289e-01	8.17654936e-01	8.17688492e-01	1.71639044e-01	2.09916233e-01	3.81496968e+02	1.17200828e+00	1.43337762e+00	4.23247931e+01	6.64093794e+01	0
deepmd-les-cace-sched_sB	51200	80	-2.99526497e+04	8.98807331e+00	3.17424013e-01	8.16902468e-01	8.16016492e-01	1.70847320e-01	2.09140414e-01	3.80078251e+02	1.18025275e+00	1.44479029e+00	4.22869549e+01	6.61624151e+01	0
deepmd-les-cace-sched_sB	54400	80	-2.99525533e+04	8.98381307e+00	3.16136573e-01	8.16296215e-01	8.15479262e-01	1.70226244e-01	2.08534893e-01	3.79505416e+02	1.17690440e+00	1.44176143e+00	4.22432450e+01	6.60626985e+01	0
deepmd-les-cace-sched_sB	57600	80	-2.99525454e+04	8.99858310e+00	3.16266683e-01	8.16911735e-01	8.16469792e-01	1.70352294e-01	2.08532069e-01	3.79776503e+02	1.18313729e+00	1.44830492e+00	4.22040335e+01	6.61098881e+01	0
deepmd-les-cace-sched_sB	60800	80	-2.99525011e+04	8.99561281e+00	3.17351692e-01	8.16782911e-01	8.16147228e-01	1.70732043e-01	2.09029892e-01	3.80140677e+02	1.18283986e+00	1.44816920e+00	4.22584525e+01	6.61732819e+01	0
deepmd-les-cace-sched_sB	64000	80	-2.99525139e+04	8.98974635e+00	3.16376002e-01	8.16694670e-01	8.16367101e-01	1.70402796e-01	2.08649331e-01	3.79639978e+02	1.18118725e+00	1.44630214e+00	4.22303326e+01	6.60861224e+01	0
deepmd-les-cace-sched_sB	67200	80	-2.99525280e+04	8.99557853e+00	3.19371262e-01	8.17037708e-01	8.16285854e-01	1.71214273e-01	2.09554922e-01	3.80664563e+02	1.18953596e+00	1.45591318e+00	4.23168517e+01	6.62644777e+01	0
deepmd-les-cace-sched_sB	70400	80	-2.99525398e+04	8.99641415e+00	3.18049406e-01	8.17109171e-01	8.16467209e-01	1.70813941e-01	2.09046658e-01	3.80193766e+02	1.18596437e+00	1.45141483e+00	4.22605895e+01	6.61825234e+01	0
deepmd-les-cace-sched_sB	73600	80	-2.99525427e+04	8.99481493e+00	3.17848796e-01	8.17082416e-01	8.16522608e-01	1.70735725e-01	2.08957777e-01	3.80047681e+02	1.18538841e+00	1.45075746e+00	4.22518622e+01	6.61570935e+01	0
deepmd-les-cace-sched_sB	76800	80	-2.99525216e+04	8.99438334e+00	3.18281615e-01	8.17114909e-01	8.16500886e-01	1.70840243e-01	2.09077378e-01	3.80162114e+02	1.18668087e+00	1.45228150e+00	4.22666124e+01	6.61770137e+01	0
deepmd-les-cace-sched_sB	80000	80	-2.99525248e+04	8.99367461e+00	3.18304110e-01	8.17104897e-01	8.16479140e-01	1.70840968e-01	2.09080827e-01	3.80144573e+02	1.18665060e+00	1.45226225e+00	4.22679928e+01	6.61739602e+01	0
